size,price
57.0,52000.0
52.0,56000.0
42.0,37000.0
65.0,49500.0
70.0,55000.0
28.0,25500.0
30.0,21200.0
32.0,20000.0
51.0,26200.0
30.0,22200.0
30.0,24200.0
67.0,30200.0
30.0,21200.0
30.0,21200.0
30.0,21200.0
35.0,22500.0
43.0,22500.0
51.0,21200.0
65.0,32500.0
51.0,22200.0
51.0,24200.0
90.0,45000.0
80.0,56000.0
70.0,47000.0
69.0,49900.0
80.0,76000.0
96.0,65000.0
76.0,47500.0
45.0,30000.0
27.0,32000.0
65.0,44000.0
64.0,56500.0
42.0,35000.0
26.0,23500.0
76.0,60500.0
80.0,68000.0
72.0,41500.0
100.0,55000.0
65.0,44000.0
80.0,52500.0
72.0,43000.0
65.0,80000.0
63.0,42000.0
48.0,23000.0
70.0,47000.0
102.0,88784.0
78.0,65000.0
100.0,97000.0
34.0,28500.0
42.0,34500.0
80.0,51000.0
90.0,51000.0
45.0,48000.0
70.0,40000.0
96.0,67000.0
80.0,68000.0
63.0,40500.0
56.0,54000.0
52.0,36000.0
98.0,68000.0
96.0,63000.0
93.0,63500.0
60.0,49500.0
82.0,70000.0
120.0,52000.0
110.0,91000.0
95.0,83000.0
56.0,40500.0
68.0,48000.0
57.0,42000.0
46.0,19765.0
45.0,34500.0
40.0,40000.0
95.0,50000.0
53.0,68000.0
72.0,41500.0
65.0,41500.0
82.0,86000.0
42.0,25500.0
54.0,31500.0
42.0,26500.0
20.0,14500.0
45.0,45000.0
46.0,30000.0
50.0,34500.0
36.0,27000.0
80.0,59500.0
72.0,48000.0
78.0,47299.0
46.0,37000.0
60.0,38000.0
58.0,29500.0
70.0,56000.0
68.0,45000.0
100.0,61500.0
68.0,46500.0
70.0,51000.0
90.0,58400.0
60.0,47000.0
80.0,52500.0
74.0,50000.0
48.0,41500.0
94.0,45000.0
65.0,47500.0
85.0,52500.0
42.0,26000.0
110.0,105000.0
70.0,42000.0
68.0,53500.0
48.0,23000.0
20.0,12500.0
110.0,107000.0
46.0,35000.0
125.0,70000.0
72.0,55000.0
64.67,39414.0
70.0,60000.0
50.0,37000.0
51.0,49000.0
22.0,18000.0
54.0,42500.0
30.0,34500.0
42.0,37000.0
70.0,70000.0
68.0,45800.0
30.0,24000.0
52.0,58000.0
72.0,55500.0
76.0,68000.0
48.0,31000.0
66.0,47000.0
60.0,47000.0
37.0,41000.0
40.0,24000.0
61.0,55000.0
32.0,28500.0
65.0,42000.0
66.0,67000.0
70.0,46500.0
66.0,50500.0
65.0,40000.0
37.0,13071.0
69.65,45188.0
88.0,53000.0
38.0,25600.0
61.0,52000.0
45.0,44000.0
69.0,40000.0
55.13,35226.0
67.0,54000.0
38.0,22500.0
67.0,36500.0
54.0,40000.0
58.0,35000.0
100.0,142000.0
90.0,52000.0
91.0,85000.0
111.0,110000.0
54.0,36000.0
69.0,52000.0
107.0,50000.0
80.0,55000.0
63.0,42000.0
74.0,69000.0
58.0,28900.0
62.0,34000.0
107.0,85000.0
40.41,25000.0
54.0,39000.0
40.0,60000.0
50.0,36500.0
75.0,42000.0
84.0,85000.0
117.0,125000.0
70.0,37000.0
47.0,42000.0
56.0,36000.0
42.0,28000.0
60.0,34000.0
32.0,28500.0
42.0,28500.0
60.0,34500.0
54.0,34500.0
42.0,25500.0
60.0,43500.0
72.0,63000.0
80.0,39999.0
33.0,24500.0
61.0,41000.0
187.0,210000.0
63.0,36000.0
60.0,34000.0
29.0,23000.0
63.0,36000.0
48.0,28500.0
11.0,7500.0
45.0,47000.0
122.0,95000.0
42.0,44000.0
50.0,45000.0
100.0,48000.0
60.0,32000.0
50.0,47000.0
78.0,70500.0
164.0,170000.0
60.0,30500.0
42.0,26000.0
70.0,37500.0
35.0,26500.0
47.0,32000.0
36.0,26500.0
50.0,34500.0
52.0,36500.0
46.0,24500.0
92.0,42500.0
70.0,46000.0
70.0,38500.0
60.0,36000.0
55.0,35000.0
63.0,55500.0
89.0,81772.0
55.0,50533.0
100.0,119000.0
208.0,93000.0
35.0,23800.0
44.0,32900.0
61.0,36000.0
100.0,65000.0
35.0,29800.0
86.0,63000.0
100.0,80000.0
110.0,63500.0
75.0,110000.0
70.0,62000.0
70.0,36999.0
150.0,170000.0
56.1,37000.0
83.0,54000.0
49.0,23000.0
46.0,38500.0
46.0,36200.0
68.0,45000.0
65.0,45000.0
76.0,43000.0
42.0,26000.0
55.0,67000.0
76.0,45500.0
49.0,47000.0
80.0,70000.0
142.0,120000.0
60.0,44000.0
72.0,47000.0
115.0,84000.0
100.0,77000.0
63.0,35000.0
66.0,56000.0
70.0,46500.0
62.0,35000.0
50.0,34000.0
78.0,56000.0
62.0,63000.0
63.0,40000.0
91.0,75000.0
81.0,54900.0
86.0,42000.0
54.0,54500.0
90.0,105000.0
40.0,37000.0
45.0,24000.0
89.55,40000.0
92.0,67000.0
100.0,1000.0
95.0,77000.0
102.0,65000.0
65.0,31300.0
62.0,33500.0
56.0,38500.0
59.0,41500.0
96.0,64500.0
37.0,13075.0
70.0,48000.0
78.0,77000.0
145.0,115000.0
100.0,128000.0
54.0,33000.0
70.0,66000.0
116.0,80000.0
72.0,37700.0
70.0,60000.0
60.0,28500.0
52.0,38000.0
95.0,65000.0
44.0,38000.0
42.0,36500.0
43.0,36500.0
77.0,95000.0
24.0,20000.0
30.0,26000.0
41.0,36000.0
46.0,36000.0
42.0,36500.0
51.0,45000.0
62.0,33500.0
50.0,25000.0
107.0,75500.0
38.0,27500.0
110.0,75000.0
55.62,31000.0
66.0,31507.0
53.0,54000.0
119.0,110000.0
56.0,35000.0
68.0,24000.0
125.0,129999.0
140.0,105000.0
141.0,95000.0
74.0,47500.0
63.0,34997.0
41.0,32000.0
52.0,37000.0
68.0,39000.0
110.0,63500.0
60.0,35500.0
54.0,35000.0
60.0,35000.0
46.0,37500.0
94.0,73000.0
58.0,40000.0
92.0,62000.0
70.0,55000.0
42.0,37400.0
42.0,35800.0
75.0,60000.0
72.0,100000.0
85.0,52500.0
65.0,44000.0
65.0,56600.0
46.0,42000.0
60.94,36542.0
59.0,26500.0
66.82,65000.0
98.0,70000.0
48.0,34499.0
92.0,46000.0
128.0,87000.0
56.0,37500.0
45.0,36500.0
70.0,48000.0
56.0,37500.0
95.0,78000.0
100.0,150000.0
97.0,80000.0
130.0,98500.0
67.0,42000.0
95.0,50000.0
62.0,55000.0
75.0,70000.0
70.0,81999.0
59.0,22534.0
55.0,43000.0
59.0,37000.0
44.0,29500.0
30.0,38500.0
56.0,38000.0
60.0,40000.0
70.0,83000.0
64.0,34500.0
100.0,57000.0
68.0,50000.0
115.0,64000.0
60.0,34000.0
100.0,48000.0
50.0,32500.0
105.0,125000.0
70.0,87000.0
137.0,105000.0
36.0,26000.0
52.0,55000.0
47.14,28000.0
65.0,45000.0
130.0,115000.0
110.0,125000.0
61.0,53000.0
40.0,23500.0
75.0,62000.0
54.0,37500.0
64.0,54962.0
30.0,31000.0
68.0,46500.0
50.0,38000.0
44.0,60000.0
35.0,20600.0
70.0,68500.0
46.0,33000.0
71.0,40200.0
50.0,21500.0
43.0,34000.0
60.0,32000.0
60.0,31999.0
57.0,32000.0
75.0,80000.0
62.0,33000.0
43.0,34000.0
48.0,34000.0
70.0,68000.0
54.0,33000.0
50.0,33500.0
50.0,33500.0
60.0,36000.0
60.0,41500.0
68.0,41000.0
50.0,34500.0
50.0,32500.0
60.0,38000.0
122.0,134000.0
88.0,45500.0
118.0,102711.0
55.0,42500.0
60.0,34000.0
47.0,47500.0
78.0,34000.0
62.0,42000.0
50.0,34000.0
60.0,34000.0
60.0,34500.0
78.0,33998.0
50.0,34000.0
60.0,34000.0
75.0,64700.0
82.0,85500.0
36.0,25500.0
36.0,28500.0
42.0,28000.0
46.0,31500.0
50.0,36000.0
75.0,55000.0
75.0,60000.0
64.0,37000.0
60.0,47000.0
90.0,53000.0
86.0,50000.0
72.0,46000.0
105.0,85000.0
34.0,29000.0
28.0,21500.0
47.0,35500.0
42.0,39600.0
110.0,160000.0
40.0,42000.0
50.0,40500.0
29.0,24500.0
42.0,34000.0
42.0,36999.0
65.0,30000.0
65.0,45000.0
45.0,26000.0
90.0,133000.0
86.0,60000.0
40.0,34000.0
35.0,20000.0
100.0,71000.0
78.0,100000.0
20.0,14500.0
40.0,27500.0
75.0,55000.0
90.0,92000.0
137.0,125000.0
152.0,140000.0
90.0,105000.0
55.0,41000.0
90.0,51000.0
48.0,43000.0
78.0,39000.0
38.0,25600.0
70.0,68000.0
50.0,30000.0
55.0,39000.0
90.0,50000.0
37.0,25500.0
80.0,120000.0
105.0,95000.0
45.0,27000.0
42.0,36800.0
40.0,26000.0
29.0,24200.0
72.0,45000.0
40.0,31500.0
78.0,55000.0
70.0,32000.0
74.0,74000.0
55.0,26000.0
60.0,34000.0
33.0,22000.0
60.0,46000.0
58.0,42000.0
68.0,61000.0
67.0,47000.0
77.0,65000.0
50.0,30000.0
57.0,35000.0
70.0,44998.0
60.0,35000.0
57.0,36000.0
57.0,35999.0
58.0,36500.0
68.0,36500.0
70.0,47000.0
97.0,55290.0
67.0,38190.0
56.0,32000.0
42.0,28500.0
60.0,40000.0
86.0,75000.0
30.0,20200.0
51.0,23200.0
90.0,105000.0
30.0,20200.0
51.0,24200.0
64.0,35200.0
51.0,25200.0
30.0,22200.0
51.0,26200.0
50.0,36500.0
66.0,28000.0
56.0,37000.0
57.0,37000.0
40.0,13700.0
71.0,38000.0
58.0,38000.0
125.0,80000.0
40.0,22500.0
60.0,45500.0
92.0,52000.0
54.0,38500.0
91.0,50000.0
21.0,14700.0
72.0,44300.0
48.0,38999.0
104.0,60000.0
65.0,53000.0
65.0,64999.0
62.0,36500.0
50.0,35000.0
86.0,55000.0
50.0,33500.0
56.0,37000.0
60.0,38200.0
84.0,46000.0
62.0,38500.0
56.0,39000.0
96.0,34500.0
63.0,39999.0
109.0,65000.0
100.0,128000.0
49.0,40000.0
47.0,30500.0
90.0,87000.0
95.0,79500.0
100.0,65000.0
50.0,41000.0
80.0,60000.0
82.0,42000.0
52.0,30000.0
55.0,65000.0
80.0,62000.0
57.0,44000.0
50.0,38999.0
59.0,27000.0
60.0,30000.0
140.0,98000.0
164.0,120000.0
135.0,82000.0
75.0,49000.0
70.0,45000.0
70.0,41000.0
52.0,50000.0
50.0,28700.0
72.0,54000.0
60.0,34000.0
60.0,41500.0
60.0,41500.0
73.0,60000.0
65.0,80000.0
80.0,124999.0
120.0,164500.0
75.0,62000.0
60.0,34000.0
72.0,43000.0
62.0,35500.0
91.0,51000.0
72.0,43000.0
95.0,50000.0
43.0,28500.0
100.0,48000.0
90.0,65000.0
45.0,36000.0
58.0,43500.0
60.0,38000.0
71.0,45000.0
80.0,56000.0
64.0,37500.0
43.0,30500.0
50.0,33500.0
44.0,31000.0
78.0,63000.0
55.0,35000.0
39.0,26000.0
70.0,46000.0
50.0,35000.0
63.0,41500.0
42.0,33500.0
58.0,28000.0
50.0,30500.0
39.11,31000.0
96.0,56000.0
75.0,80000.0
94.0,46000.0
50.0,44200.0
52.0,41500.0
80.0,80000.0
80.0,47000.0
95.0,46000.0
65.0,47000.0
105.0,90000.0
157.0,140000.0
90.0,44000.0
100.0,75000.0
80.0,35000.0
112.0,146500.0
64.0,40000.0
80.0,40000.0
56.0,31000.0
93.22,98000.0
100.0,54000.0
47.0,29996.0
60.0,31000.0
47.0,27000.0
98.0,85000.0
90.0,62000.0
33.0,26800.0
33.0,24700.0
42.0,37500.0
40.0,28000.0
41.0,23542.0
59.0,43000.0
42.0,28500.0
70.0,59000.0
60.0,34000.0
58.0,42000.0
62.0,42000.0
60.0,42000.0
60.0,42000.0
54.0,42000.0
50.0,43000.0
62.0,44000.0
105.0,126000.0
62.0,44000.0
86.0,103000.0
60.0,44000.0
109.0,55000.0
78.0,55000.0
90.0,85000.0
75.0,56000.0
140.0,102000.0
96.0,86000.0
106.0,41000.0
110.0,82500.0
30.0,21000.0
70.0,56000.0
80.0,45000.0
50.0,30000.0
80.0,39000.0
80.0,52500.0
90.0,51000.0
105.0,78500.0
100.0,85000.0
100.0,70000.0
94.0,65000.0
72.0,40000.0
48.0,23000.0
73.0,75000.0
75.0,50000.0
96.0,96000.0
59.0,38500.0
33.0,33500.0
60.0,60000.0
70.0,85000.0
62.0,49000.0
60.0,32000.0
83.0,50000.0
77.0,52000.0
68.0,56000.0
60.0,30500.0
66.0,56000.0
58.0,56000.0
70.0,46500.0
58.0,58000.0
62.0,35000.0
60.0,59500.0
74.0,63000.0
78.0,56000.0
28.0,21000.0
44.0,59999.0
93.0,46500.0
70.0,55000.0
112.0,85500.0
70.0,31800.0
70.0,34600.0
100.0,160000.0
100.0,76000.0
56.0,32500.0
60.0,29900.0
70.0,64000.0
112.0,80000.0
100.0,80000.0
58.0,37000.0
52.0,32000.0
62.0,34000.0
16.0,18000.0
67.0,39000.0
92.0,63000.0
67.0,39000.0
67.0,39000.0
16.0,18000.0
45.0,40000.0
30.0,20900.0
60.0,50000.0
142.0,135000.0
85.0,86000.0
65.0,67000.0
80.0,55000.0
50.0,35000.0
55.0,41000.0
70.0,52000.0
104.0,74000.0
70.0,55000.0
44.0,27000.0
30.0,19500.0
150.0,95000.0
60.0,31992.0
70.0,45500.0
50.0,32000.0
64.0,35000.0
70.0,41000.0
85.0,83000.0
75.0,45500.0
70.0,56000.0
83.0,38000.0
30.0,25500.0
57.95,29000.0
50.0,47000.0
75.0,67000.0
70.0,65000.0
45.0,31000.0
56.0,33000.0
95.0,62000.0
70.0,73000.0
45.0,50000.0
75.0,99000.0
65.0,33000.0
105.0,52900.0
72.0,55000.0
71.0,65000.0
75.0,68000.0
80.0,60000.0
79.0,42000.0
48.0,35500.0
60.0,39800.0
60.0,38500.0
60.0,39000.0
55.0,34500.0
40.0,28000.0
42.0,44000.0
5.0,50000.0
50.0,30000.0
110.0,78000.0
72.0,51500.0
47.0,34000.0
72.0,43500.0
30.0,24000.0
118.0,108417.0
100.0,85000.0
35.0,26800.0
75.0,75000.0
65.0,38500.0
50.0,31500.0
58.0,36500.0
50.0,35500.0
60.0,37500.0
36.0,26500.0
42.0,28500.0
42.0,26500.0
96.0,72000.0
82.0,80000.0
43.0,25000.0
56.0,29600.0
64.0,32000.0
65.0,48000.0
84.0,47000.0
140.0,128631.0
45.0,27500.0
48.0,36500.0
53.06,53000.0
50.0,34000.0
63.0,45000.0
110.0,85000.0
67.0,40000.0
91.0,55000.0
53.0,32000.0
34.0,27000.0
68.0,56500.0
46.0,26800.0
68.0,53000.0
62.5,46500.0
30.0,18500.0
43.0,29800.0
63.0,42000.0
92.5,70000.0
51.0,34500.0
65.0,46500.0
110.0,127000.0
84.0,33500.0
68.0,42000.0
45.0,34500.0
120.0,135000.0
82.0,55000.0
96.0,74000.0
41.0,31500.0
203.0,98979.0
64.0,58803.0
80.0,56500.0
46.0,33500.0
82.0,65000.0
113.6,115000.0
75.0,57000.0
42.0,47000.0
60.0,53000.0
61.0,39000.0
60.0,73000.0
75.0,78000.0
70.0,65000.0
96.0,62000.0
90.0,53000.0
55.0,31500.0
58.0,30000.0
62.0,40500.0
47.0,37000.0
45.0,33500.0
28.0,23999.0
65.0,54000.0
70.0,52000.0
56.0,35000.0
75.0,52000.0
110.0,95000.0
85.0,110000.0
246.0,119991.0
110.0,169000.0
96.0,75000.0
50.0,31000.0
70.0,50000.0
60.0,44000.0
87.05,62338.0
121.0,75475.0
99.0,115000.0
40.0,20500.0
50.0,37000.0
50.0,31000.0
80.0,56000.0
68.0,44500.0
83.0,75000.0
80.0,42000.0
100.0,50000.0
90.0,75000.0
92.0,61000.0
72.0,44500.0
110.0,71000.0
82.0,50000.0
84.0,47500.0
125.0,78000.0
80.0,90000.0
80.0,63000.0
72.0,45000.0
70.0,47000.0
72.0,45500.0
70.0,40000.0
70.0,48000.0
77.0,47500.0
65.0,45000.0
75.0,47500.0
70.0,52000.0
65.0,49000.0
65.0,51000.0
75.0,63500.0
60.0,45000.0
72.0,70000.0
50.0,37500.0
45.0,34000.0
87.65,60675.0
60.0,39997.0
30.0,22500.0
46.0,52000.0
70.0,36000.0
58.0,35000.0
48.0,38500.0
80.0,68000.0
110.0,68614.0
129.14,92479.0
44.0,27000.0
50.0,46000.0
116.0,87000.0
46.0,37000.0
35.0,27000.0
50.0,34500.0
36.0,26500.0
56.0,38000.0
60.0,42000.0
60.0,42500.0
36.0,24500.0
54.0,37000.0
56.0,36000.0
42.0,29500.0
60.0,33500.0
36.0,27500.0
44.0,36000.0
65.0,54000.0
65.0,52000.0
46.0,35000.0
105.0,135000.0
54.0,40000.0
42.0,39000.0
108.27,77534.0
68.0,39500.0
77.0,43500.0
78.0,46000.0
65.0,48000.0
90.0,51000.0
78.0,39000.0
75.0,55000.0
28.0,23500.0
70.0,40000.0
140.0,58000.0
57.0,32000.0
65.0,62000.0
70.0,45500.0
18.0,12500.0
50.0,30000.0
40.0,31500.0
120.0,119900.0
103.0,65000.0
110.0,165000.0
70.0,46000.0
27.0,19500.0
100.0,115000.0
78.0,47500.0
65.0,66000.0
79.0,57000.0
60.0,35900.0
78.0,54996.0
42.0,28500.0
68.0,53000.0
94.0,57000.0
32.0,24500.0
50.0,30500.0
63.0,42000.0
47.0,52500.0
103.0,77000.0
70.0,57000.0
75.0,90000.0
48.0,47000.0
70.0,60000.0
50.0,35000.0
69.0,37000.0
104.0,61000.0
48.0,42200.0
76.0,40000.0
67.0,63000.0
92.0,89000.0
85.0,51000.0
42.0,33500.0
60.0,56000.0
110.0,55000.0
80.0,83000.0
60.0,48000.0
76.0,45000.0
50.0,35500.0
62.0,39000.0
40.0,27000.0
55.0,34998.0
89.0,77469.0
30.0,20500.0
48.0,33500.0
60.0,37000.0
65.0,45000.0
80.0,78000.0
75.0,52000.0
70.0,55000.0
90.0,44000.0
45.0,31000.0
96.0,71000.0
42.0,33000.0
100.0,67500.0
134.0,78000.0
55.0,37000.0
70.0,59000.0
79.0,48000.0
65.0,58000.0
128.66,92135.0
18.0,17500.0
44.0,90000.0
80.0,85000.0
65.0,53000.0
70.0,73500.0
65.0,70000.0
82.0,60000.0
120.0,130000.0
77.0,47000.0
70.0,56000.0
120.0,56000.0
105.0,65000.0
55.0,63000.0
72.0,47500.0
78.0,39000.0
62.0,55700.0
95.0,80000.0
97.3,50000.0
75.0,72000.0
49.0,33500.0
75.0,70000.0
67.0,40200.0
93.0,115000.0
60.0,45000.0
42.0,28500.0
100.0,78000.0
46.0,32000.0
70.0,48500.0
47.0,33000.0
75.0,125000.0
203.0,139999.0
80.0,77500.0
47.0,50000.0
62.0,50000.0
93.0,51000.0
60.0,47000.0
100.0,48000.0
70.0,48000.0
75.0,47000.0
65.0,65999.0
62.0,68000.0
95.0,50000.0
95.0,70000.0
28.0,30000.0
110.0,113000.0
60.0,34000.0
53.0,74900.0
70.0,40000.0
130.0,115000.0
105.0,92000.0
85.0,74900.0
47.0,48000.0
70.0,85000.0
77.0,49500.0
80.0,104900.0
43.0,28500.0
56.0,54000.0
190.0,130000.0
60.0,31000.0
54.0,38000.0
90.0,60000.0
48.0,37800.0
57.0,42500.0
65.8,63000.0
30.0,21000.0
67.0,52500.0
70.0,45000.0
65.0,46500.0
106.0,115000.0
60.0,38200.0
88.0,75000.0
135.0,105000.0
110.0,120000.0
65.0,41500.0
75.0,85000.0
76.0,58000.0
108.0,120000.0
64.0,41000.0
42.0,27000.0
50.0,35500.0
58.0,31500.0
124.0,87000.0
48.0,45000.0
47.0,30000.0
76.0,48000.0
41.0,34000.0
50.0,42200.0
50.0,31000.0
35.0,25500.0
56.0,32000.0
109.0,83000.0
166.0,141500.0
70.0,49000.0
103.0,64996.0
236.0,190000.0
70.0,56000.0
52.0,32000.0
58.0,36000.0
65.0,55000.0
40.0,25000.0
76.0,54000.0
105.0,80000.0
65.0,33500.0
28.0,30500.0
110.0,58000.0
52.0,37000.0
78.0,45000.0
65.0,35000.0
50.0,40500.0
72.0,36000.0
50.0,46500.0
70.0,48000.0
71.0,45000.0
90.0,66000.0
70.0,46500.0
72.0,42500.0
64.0,51000.0
92.0,65000.0
59.0,51000.0
184.0,103000.0
68.0,38000.0
96.0,52500.0
68.0,47000.0
65.0,44000.0
70.0,55000.0
34.0,27500.0
34.0,30500.0
58.0,32000.0
75.0,48000.0
48.0,29800.0
67.0,49500.0
50.0,33999.0
140.0,175000.0
47.0,32000.0
46.0,29500.0
38.0,31000.0
47.0,32500.0
45.0,35500.0
65.0,42000.0
43.0,43800.0
42.0,35500.0
54.0,37000.0
60.0,63000.0
80.0,53000.0
90.0,56000.0
80.0,75000.0
105.0,55000.0
91.0,47000.0
60.0,56000.0
58.0,49000.0
53.0,37000.0
48.0,34500.0
54.0,39000.0
43.0,24500.0
84.0,60000.0
47.0,31500.0
50.0,30500.0
96.0,54000.0
130.0,75000.0
67.0,58000.0
92.0,55000.0
46.0,35000.0
43.0,32500.0
44.0,36000.0
30.0,27000.0
55.0,48500.0
140.0,55000.0
80.0,71000.0
57.0,38500.0
48.0,30500.0
72.0,62000.0
72.0,40000.0
47.0,32000.0
52.0,39000.0
48.0,35500.0
40.0,23500.0
34.0,24000.0
56.0,40000.0
73.0,45000.0
64.0,37000.0
96.0,49000.0
68.0,43000.0
104.0,60000.0
72.0,58000.0
58.0,32000.0
66.0,50500.0
68.0,43000.0
65.0,51000.0
85.0,59800.0
47.0,36000.0
30.0,31000.0
77.0,94000.0
20.0,19000.0
52.0,39500.0
112.0,90000.0
68.0,36000.0
75.0,65000.0
34.0,26000.0
34.0,23500.0
17.0,12000.0
22.0,15500.0
30.0,25000.0
135.0,100000.0
84.0,62000.0
80.0,55000.0
70.0,42000.0
67.0,47000.0
68.0,45000.0
70.0,44000.0
50.0,34000.0
45.0,37000.0
100.0,48000.0
47.0,28500.0
96.0,52500.0
100.0,50000.0
54.0,42000.0
98.0,67000.0
95.0,49000.0
71.0,52000.0
90.0,62000.0
102.0,70000.0
65.0,47000.0
120.0,87000.0
94.0,92000.0
160.0,85000.0
63.0,68998.0
48.0,27000.0
42.0,31000.0
68.0,34000.0
35.0,41000.0
68.0,34000.0
59.6,32000.0
65.0,47500.0
40.0,22999.0
27.0,19500.0
30.0,25200.0
96.0,88000.0
140.0,95000.0
42.0,29600.0
100.0,52000.0
125.0,150000.0
38.0,23500.0
78.27,50670.0
90.0,43500.0
90.0,52000.0
54.0,40000.0
122.0,132000.0
78.0,58000.0
75.0,46000.0
135.0,130000.0
90.0,55000.0
75.0,49800.0
65.5,55000.0
110.0,55000.0
68.0,39500.0
32.0,27000.0
52.0,35500.0
65.0,45500.0
50.0,34500.0
28.0,23500.0
55.0,35000.0
50.0,35000.0
130.0,90000.0
84.0,63000.0
42.0,33500.0
68.0,48000.0
50.0,30500.0
100.0,99000.0
83.0,110000.0
105.0,82000.0
80.0,70000.0
42.0,28500.0
103.0,63000.0
110.0,58000.0
90.0,105000.0
65.0,43000.0
58.0,57500.0
62.0,51498.0
62.0,53000.0
57.0,36000.0
42.0,36000.0
65.0,53500.0
48.36,31307.0
30.0,23000.0
67.0,39000.0
68.0,41500.0
41.0,36000.0
138.0,95000.0
72.0,48000.0
70.0,78000.0
50.0,50000.0
77.0,47000.0
116.0,105000.0
100.0,71000.0
70.0,49500.0
50.0,37000.0
65.0,47000.0
41.0,31000.0
86.0,47000.0
62.0,53000.0
76.0,48000.0
62.0,38000.0
73.0,41500.0
48.0,31000.0
52.0,37000.0
80.0,80000.0
45.0,43500.0
50.0,36000.0
47.0,39500.0
100.0,100000.0
54.0,36000.0
38.0,26500.0
78.0,52000.0
72.0,47500.0
80.0,55500.0
58.0,32000.0
72.0,51000.0
110.0,78500.0
70.0,41000.0
57.0,55000.0
70.0,47500.0
78.0,57000.0
49.0,46000.0
93.0,83500.0
160.0,90000.0
92.0,52500.0
75.0,46000.0
105.0,50000.0
75.0,51000.0
55.0,38000.0
102.0,53000.0
92.0,50000.0
63.0,41000.0
67.0,70000.0
68.0,40500.0
50.0,36000.0
50.0,34500.0
54.0,36000.0
78.0,65000.0
50.0,35500.0
54.0,36000.0
110.0,105000.0
82.0,63500.0
84.0,55000.0
42.0,31500.0
78.0,53500.0
65.0,48000.0
46.0,34500.0
65.0,49000.0
47.0,42000.0
48.0,48000.0
75.0,61000.0
54.0,80000.0
118.0,86000.0
95.0,90000.0
93.0,80000.0
75.0,64000.0
93.0,52000.0
70.0,60000.0
60.0,44000.0
68.0,35000.0
60.0,32000.0
70.0,42000.0
53.0,55500.0
150.0,150000.0
95.0,110000.0
48.0,36000.0
56.0,39500.0
54.0,36500.0
50.0,35500.0
60.0,38000.0
41.37,47000.0
65.0,34000.0
38.0,25000.0
58.0,24921.0
46.0,19765.0
94.0,118000.0
30.0,26300.0
70.0,103000.0
72.0,59000.0
60.0,34000.0
60.0,47500.0
100.0,123000.0
103.0,160000.0
120.0,110000.0
83.0,40500.0
72.0,47500.0
78.0,55000.0
50.0,42800.0
183.5,203000.0
20.0,16000.0
75.0,56000.0
103.0,90000.0
90.0,54000.0
78.0,52500.0
49.0,31000.0
56.0,40000.0
92.0,80000.0
28.0,24000.0
45.0,36000.0
68.0,65000.0
50.0,41000.0
68.0,45000.0
50.0,39800.0
80.0,56000.0
110.0,74500.0
72.0,43500.0
33.0,24500.0
30.0,25500.0
40.0,28500.0
70.0,44000.0
67.0,42000.0
58.0,35000.0
77.0,50000.0
52.0,65000.0
60.0,36000.0
42.0,33700.0
120.0,132000.0
65.0,76500.0
42.0,33500.0
100.0,78000.0
100.0,66500.0
58.0,42000.0
72.0,46000.0
50.0,37000.0
142.0,120000.0
72.0,55000.0
60.0,49900.0
110.0,85000.0
40.0,30000.0
110.0,85000.0
40.0,30000.0
186.0,155000.0
186.0,155000.0
58.0,34000.0
114.0,160000.0
42.0,31500.0
52.0,36000.0
86.0,80000.0
64.0,45000.0
51.6,40000.0
68.0,45000.0
64.0,53000.0
66.0,42000.0
61.0,62000.0
68.0,45000.0
63.0,42000.0
46.0,32000.0
48.0,32500.0
46.0,42000.0
62.0,70000.0
65.0,65000.0
44.0,31000.0
34.0,25500.0
82.0,45000.0
100.0,71000.0
40.0,26000.0
25.0,21500.0
40.0,30000.0
50.0,30000.0
125.0,107000.0
80.0,39000.0
130.0,106000.0
45.0,38000.0
90.0,51000.0
27.0,19500.0
116.0,87000.0
53.0,34500.0
65.0,58000.0
78.0,65000.0
72.0,38000.0
48.0,32500.0
80.0,64000.0
48.0,32000.0
80.0,47000.0
34.0,23000.0
42.0,31500.0
28.0,22000.0
43.0,35000.0
95.0,126000.0
136.0,94000.0
100.0,90000.0
180.0,150000.0
75.0,44500.0
206.0,190000.0
50.0,33500.0
27.0,24000.0
92.0,60000.0
110.0,60000.0
83.0,95000.0
62.0,52000.0
75.0,72000.0
78.0,39900.0
90.0,65000.0
47.0,35000.0
80.0,70000.0
58.5,23513.0
110.0,118500.0
75.0,75000.0
76.0,75000.0
53.0,34500.0
53.0,45000.0
97.3,50000.0
90.0,65000.0
40.0,35000.0
70.0,45500.0
92.0,60000.0
125.0,130000.0
78.0,64500.0
75.0,33000.0
110.0,60000.0
60.0,43500.0
50.0,52500.0
40.0,20000.0
26.0,18000.0
115.0,87000.0
75.0,61000.0
77.0,40000.0
65.0,52000.0
70.0,56000.0
90.0,49900.0
49.0,35000.0
136.0,97000.0
75.0,53000.0
65.0,48000.0
125.0,67000.0
100.0,57000.0
70.0,57000.0
85.0,55000.0
90.0,90000.0
68.0,42800.0
100.0,59000.0
41.0,26500.0
94.0,70000.0
82.0,63000.0
52.0,60000.0
45.0,56500.0
118.0,61000.0
1.0,45000.0
64.4,32000.0
160.0,160000.0
36.0,23000.0
120.0,110000.0
60.0,70000.0
187.0,145000.0
60.0,57000.0
96.0,49900.0
80.0,39000.0
48.0,45000.0
32.0,22500.0
90.0,50000.0
77.0,62000.0
48.0,30000.0
65.0,65000.0
50.0,37000.0
73.0,34000.0
67.0,32000.0
107.0,100000.0
132.0,65000.0
52.0,40000.0
63.0,42000.0
78.0,53000.0
90.0,75000.0
235.0,140000.0
135.0,95000.0
38.0,26000.0
80.0,90000.0
38.0,22500.0
48.0,29400.0
80.0,40000.0
113.0,63000.0
56.0,32200.0
61.0,75000.0
48.0,31500.0
65.0,34998.0
117.0,135000.0
56.0,33500.0
56.0,32900.0
70.0,36000.0
75.0,55000.0
72.0,45000.0
55.0,39000.0
50.0,28500.0
54.0,34000.0
67.0,45000.0
112.0,77000.0
145.0,160000.0
78.0,39000.0
50.0,44600.0
52.0,28500.0
59.0,30000.0
30.0,22300.0
60.0,30500.0
70.0,56000.0
54.0,38000.0
53.0,62000.0
51.0,33500.0
65.0,51000.0
78.0,32000.0
70.0,66000.0
65.0,75000.0
86.0,39500.0
58.41,23477.0
39.0,27500.0
70.0,68000.0
110.0,125000.0
52.0,63000.0
50.0,32000.0
65.0,49000.0
82.0,120000.0
103.0,103000.0
70.0,56000.0
50.0,36000.0
62.0,42000.0
53.0,46000.0
72.0,65000.0
88.0,73000.0
35.0,33000.0
93.0,46500.0
60.0,33500.0
103.0,96000.0
265.0,198750.0
70.0,65000.0
115.0,135000.0
91.62,49000.0
100.0,100000.0
120.0,135000.0
85.0,82000.0
85.0,74000.0
58.1,25907.0
90.0,75000.0
82.57,67000.0
40.52,22000.0
115.0,100000.0
56.0,30000.0
68.4,58500.0
67.0,51000.0
57.0,31000.0
57.0,67000.0
116.0,87000.0
35.0,23500.0
72.0,39500.0
55.0,30500.0
38.0,32000.0
30.0,25000.0
49.0,32500.0
100.0,85000.0
70.0,40400.0
64.0,55708.0
100.0,44900.0
41.0,38000.0
80.0,47000.0
30.0,40500.0
52.0,46500.0
62.0,62000.0
51.0,53000.0
126.0,155000.0
82.0,69900.0
50.0,37500.0
82.0,85000.0
88.0,55000.0
85.0,74000.0
27.0,19500.0
68.0,36200.0
70.0,41500.0
46.0,36500.0
140.0,84000.0
96.0,75000.0
65.0,42000.0
98.0,75000.0
90.0,62000.0
90.0,102000.0
90.0,105000.0
125.0,165000.0
60.0,63000.0
60.0,43000.0
65.0,76000.0
65.0,46500.0
45.0,31000.0
66.0,36000.0
46.0,36000.0
56.0,34500.0
78.0,55000.0
72.0,45000.0
48.0,38000.0
56.0,27000.0
65.0,33000.0
75.0,110000.0
120.0,135000.0
46.0,42000.0
63.0,59999.0
37.0,26500.0
104.0,78500.0
53.0,46500.0
85.0,85000.0
82.0,75000.0
82.0,47500.0
70.0,63000.0
61.0,52500.0
65.0,65000.0
34.0,21600.0
32.0,20000.0
56.0,33500.0
36.0,24500.0
32.0,26500.0
46.0,35500.0
60.0,35000.0
56.0,39500.0
56.0,32500.0
84.0,37800.0
42.0,27500.0
42.0,25000.0
42.0,29500.0
61.0,51500.0
45.0,28500.0
60.0,65000.0
75.0,85000.0
50.0,40000.0
42.0,35000.0
80.0,85999.0
155.0,130000.0
52.0,74000.0
130.0,75000.0
111.0,110000.0
75.0,92000.0
68.0,82000.0
116.0,87000.0
48.0,42000.0
30.0,26700.0
72.0,80000.0
50.0,65000.0
98.0,75000.0
52.0,61000.0
62.0,76000.0
70.0,58000.0
100.0,107000.0
50.0,52000.0
92.0,65000.0
120.0,125000.0
42.0,40500.0
55.0,50500.0
34.0,56000.0
58.0,62000.0
50.0,42000.0
131.0,165000.0
75.0,75000.0
70.0,40000.0
55.0,73500.0
90.0,110000.0
60.0,58000.0
65.0,44500.0
70.0,80000.0
46.0,37000.0
50.0,35500.0
70.0,42000.0
60.0,38000.0
57.0,33000.0
125.0,51000.0
50.0,34000.0
90.0,55000.0
56.0,37500.0
59.0,33000.0
95.0,39000.0
96.0,49900.0
48.0,39000.0
45.82,29000.0
51.0,32500.0
70.0,75000.0
37.0,26500.0
69.0,40795.0
84.0,73000.0
69.33,46000.0
86.0,57000.0
48.0,44000.0
138.0,135000.0
42.0,62000.0
105.0,112000.0
80.0,90000.0
80.0,90000.0
54.0,58000.0
75.0,53000.0
55.0,43000.0
27.0,19500.0
50.0,37000.0
58.0,34000.0
45.0,26000.0
45.0,24000.0
58.0,37000.0
74.0,51000.0
80.0,98000.0
110.0,88000.0
70.0,60000.0
80.0,45000.0
100.0,54000.0
110.0,73000.0
46.0,39500.0
78.0,56000.0
48.0,33000.0
99.0,72000.0
29.0,15714.0
65.0,52500.0
50.0,52000.0
80.0,58000.0
54.0,30000.0
90.0,65000.0
50.0,33000.0
91.0,65000.0
61.0,39000.0
101.0,125000.0
74.0,59500.0
72.0,58999.0
90.0,51000.0
65.5,60800.0
73.0,39000.0
50.0,30000.0
40.0,26000.0
40.0,31500.0
44.0,27000.0
60.0,37000.0
59.0,23600.0
47.0,32000.0
80.0,70000.0
80.0,43000.0
78.0,55000.0
60.0,34000.0
42.0,28500.0
42.0,33500.0
55.0,35000.0
42.0,28000.0
55.0,35000.0
50.0,33500.0
44.0,29000.0
70.0,70000.0
36.0,30000.0
52.0,31000.0
75.0,115000.0
75.0,64700.0
50.0,40000.0
78.0,55000.0
61.0,60000.0
48.0,27500.0
42.0,32000.0
80.0,48000.0
42.0,32000.0
98.0,95000.0
70.0,41000.0
75.0,62000.0
130.0,155000.0
120.0,135000.0
56.0,45000.0
70.0,60000.0
98.0,60000.0
100.0,54000.0
121.0,115000.0
58.0,33500.0
92.0,55000.0
80.0,41000.0
72.0,41000.0
41.0,19000.0
83.0,40000.0
72.0,95000.0
60.0,29000.0
76.0,43500.0
38.0,27500.0
27.0,19500.0
58.0,41000.0
80.0,47000.0
80.0,88000.0
36.0,21000.0
40.0,26500.0
52.0,75000.0
65.0,71000.0
48.0,31000.0
85.0,105000.0
59.0,25408.0
32.0,30000.0
65.0,32500.0
68.0,44500.0
72.0,55000.0
65.0,76000.0
183.0,90000.0
50.0,40000.0
130.0,80000.0
42.0,14800.0
96.0,145000.0
88.0,132000.0
84.0,69000.0
85.0,84000.0
60.0,55000.0
77.0,48000.0
60.0,57500.0
135.0,95000.0
97.0,82000.0
82.0,49200.0
40.0,25500.0
130.0,105000.0
64.0,42000.0
72.0,43500.0
26.0,17000.0
100.0,70000.0
72.0,80000.0
62.0,46000.0
75.0,75000.0
35.0,29000.0
41.0,28000.0
39.0,26700.0
94.0,66000.0
70.0,37500.0
80.0,115000.0
50.0,46000.0
90.0,123000.0
42.0,81000.0
90.0,55500.0
121.0,140000.0
80.0,52000.0
30.0,25000.0
70.0,100000.0
105.0,100000.0
72.0,67000.0
70.0,72500.0
105.0,135000.0
55.0,60000.0
72.0,54000.0
40.0,60000.0
132.0,88308.0
68.41,60000.0
97.0,64505.0
59.0,57500.0
97.0,64505.0
62.0,56500.0
97.0,67997.0
46.0,46500.0
45.0,26000.0
140.0,77000.0
39.0,26700.0
125.0,118000.0
43.0,20800.0
72.0,64000.0
150.0,138000.0
75.0,47000.0
97.0,67997.0
42.0,48500.0
116.0,88000.0
97.0,66445.0
68.41,60000.0
43.0,49000.0
132.0,96096.0
132.0,96096.0
97.0,72944.0
110.0,105000.0
97.0,72944.0
96.0,46000.0
97.0,72750.0
37.0,13067.0
97.0,59849.0
97.0,59849.0
57.0,40000.0
126.0,141922.0
55.0,29500.0
57.0,45000.0
97.0,59849.0
97.0,61692.0
68.0,63000.0
24.0,20000.0
80.0,92000.0
100.0,88000.0
82.0,104000.0
65.0,85000.0
88.0,78000.0
90.0,150000.0
105.6,45474.0
70.0,55000.0
43.0,38500.0
115.0,70500.0
80.0,74000.0
42.0,32500.0
42.0,34000.0
40.0,38500.0
83.0,65000.0
56.0,53000.0
115.0,80000.0
97.0,80000.0
120.0,84000.0
200.0,162000.0
75.0,79000.0
76.0,57000.0
54.0,37000.0
72.0,42500.0
40.0,23500.0
60.0,40000.0
63.0,55500.0
120.0,115000.0
100.0,98000.0
120.0,59000.0
105.0,95000.0
94.0,96000.0
75.0,66000.0
83.0,77000.0
75.0,103000.0
105.0,67000.0
40.0,23500.0
60.0,78000.0
38.0,38000.0
215.0,165000.0
105.0,69000.0
90.0,65000.0
75.0,56000.0
125.0,130000.0
75.0,91000.0
80.0,88000.0
75.0,80000.0
80.0,48000.0
53.0,54000.0
140.0,140000.0
120.0,115000.0
70.0,56000.0
150.0,64000.0
86.0,63000.0
93.0,33776.0
110.0,88000.0
65.0,75500.0
51.0,50000.0
60.0,44500.0
95.0,40858.0
80.0,36000.0
68.0,42000.0
86.0,93000.0
101.0,86000.0
60.0,71000.0
40.0,62500.0
70.0,47000.0
125.0,110000.0
44.0,27000.0
60.0,49999.0
94.0,65000.0
90.0,78000.0
74.0,64000.0
70.0,32500.0
100.0,88000.0
38.51,21000.0
50.0,26500.0
86.0,74000.0
116.0,88000.0
51.0,25500.0
76.0,43500.0
34.0,20500.0
70.0,36000.0
28.0,23000.0
52.0,32500.0
72.0,58500.0
110.0,158000.0
58.0,31000.0
113.0,70000.0
50.0,60000.0
62.0,33500.0
43.0,31000.0
34.0,24500.0
80.0,70000.0
75.0,53000.0
67.0,60000.0
35.0,32500.0
88.0,105000.0
80.0,45000.0
105.0,95000.0
90.0,45000.0
91.0,49000.0
95.0,50000.0
24.0,20000.0
85.0,74000.0
92.0,62000.0
44.0,27000.0
62.0,37000.0
55.0,51000.0
62.0,53000.0
67.0,35500.0
64.0,38000.0
42.0,60000.0
100.0,145000.0
63.0,33000.0
40.0,32500.0
40.0,32500.0
18.0,12000.0
100.0,95000.0
41.0,31000.0
39.0,26000.0
24.0,13500.0
33.0,25500.0
45.0,33505.0
116.0,88000.0
60.0,46000.0
42.0,23500.0
43.0,25500.0
54.0,29500.0
64.0,42000.0
96.0,84000.0
30.0,24500.0
110.0,71800.0
36.0,37000.0
100.0,130000.0
50.0,37000.0
65.0,37000.0
88.0,55000.0
64.0,34000.0
100.0,105000.0
69.0,47000.0
59.0,44000.0
62.0,37000.0
36.0,29500.0
51.0,33500.0
38.0,37000.0
59.0,33500.0
42.0,34500.0
45.0,40000.0
52.0,87000.0
53.0,36500.0
120.0,145000.0
106.0,138000.0
42.0,37000.0
100.0,60000.0
40.0,27500.0
105.0,172000.0
70.0,64500.0
98.0,64000.0
56.0,37000.0
50.0,38500.0
74.0,50000.0
131.0,85000.0
60.0,53000.0
147.0,136500.0
42.0,25000.0
65.0,41500.0
42.0,25500.0
74.0,58000.0
58.0,33800.0
50.0,36500.0
90.0,39500.0
62.0,57000.0
64.0,65000.0
67.0,35500.0
120.0,135000.0
54.0,37000.0
63.0,43500.0
55.0,37000.0
60.0,37000.0
48.0,37500.0
60.0,75000.0
47.0,46500.0
40.0,40000.0
55.0,31500.0
50.0,32000.0
55.0,32000.0
60.0,42000.0
24.0,15000.0
81.0,61500.0
65.0,60000.0
52.0,38500.0
113.0,80000.0
60.0,39000.0
51.0,36500.0
50.0,36500.0
130.0,105000.0
55.0,33000.0
113.0,65000.0
50.0,42000.0
51.0,39500.0
100.0,68000.0
54.0,35000.0
75.0,67000.0
48.0,39000.0
125.0,82000.0
53.0,39000.0
60.0,55000.0
53.0,43000.0
160.0,105000.0
42.0,39000.0
40.0,40000.0
55.0,40000.0
50.0,47000.0
50.0,41000.0
30.0,25700.0
26.0,22500.0
52.0,36500.0
80.0,110000.0
40.0,26500.0
40.0,25000.0
100.0,76000.0
50.0,42000.0
52.0,41000.0
65.0,66000.0
140.0,105000.0
48.0,42000.0
45.0,42000.0
74.0,65000.0
55.0,44000.0
40.0,24000.0
36.0,25000.0
18.0,12000.0
31.0,20000.0
72.0,75000.0
75.0,107000.0
43.0,38000.0
279.0,150000.0
52.0,57000.0
50.0,45000.0
53.0,46000.0
85.0,78000.0
55.0,146000.0
80.0,72000.0
75.0,55000.0
43.0,47500.0
75.0,95000.0
110.0,105000.0
86.0,89000.0
69.0,47000.0
70.0,57000.0
60.0,45000.0
80.0,78000.0
100.0,68000.0
68.0,47000.0
66.0,47000.0
110.0,83000.0
75.0,82000.0
50.0,47000.0
56.0,47000.0
145.0,120000.0
60.0,48000.0
51.0,49500.0
65.0,75000.0
51.0,51000.0
75.0,90000.0
80.0,88000.0
65.0,55000.0
65.0,68000.0
75.0,55000.0
42.0,50000.0
42.0,46000.0
68.0,44000.0
120.0,130000.0
65.0,71000.0
95.0,91000.0
100.0,98000.0
50.0,47000.0
30.0,33500.0
50.0,52000.0
120.0,95000.0
65.0,68000.0
70.0,75000.0
52.0,40000.0
80.0,90000.0
75.0,69000.0
131.0,125000.0
62.0,73000.0
86.0,89000.0
61.0,54000.0
50.0,33500.0
130.0,110000.0
64.0,34000.0
90.0,42000.0
33.0,23000.0
51.0,35000.0
19.0,20500.0
38.0,35500.0
30.0,23500.0
52.0,31000.0
52.0,54000.0
57.0,54998.0
58.0,39000.0
100.0,48000.0
60.0,38500.0
52.0,32000.0
39.0,26700.0
93.0,56000.0
63.0,45000.0
27.0,19500.0
3.0,50000.0
70.0,57000.0
63.0,46000.0
23.0,17500.0
75.0,65000.0
80.0,92000.0
28.0,26500.0
90.0,45000.0
50.0,48000.0
79.0,74000.0
110.0,135000.0
76.0,63000.0
110.0,85000.0
87.0,43000.0
108.0,46500.0
150.0,145000.0
65.0,48500.0
43.0,36000.0
40.0,30000.0
100.0,90000.0
105.0,93000.0
43.0,38500.0
53.0,23500.0
80.0,80000.0
59.0,25000.0
75.0,47000.0
42.0,22800.0
83.0,110000.0
80.0,53000.0
60.0,32000.0
60.0,35000.0
25.0,23501.0
60.0,42000.0
73.0,35200.0
190.0,200000.0
100.0,120000.0
46.0,24500.0
60.0,33200.0
80.0,90000.0
70.0,55000.0
90.0,120000.0
70.0,45000.0
80.0,95000.0
80.0,80000.0
103.0,103000.0
63.0,76000.0
39.0,26500.0
64.0,42000.0
67.0,47000.0
67.0,52000.0
105.0,135000.0
107.0,75000.0
60.0,55000.0
52.0,40500.0
67.0,46000.0
70.0,70000.0
65.0,45500.0
48.0,39000.0
70.0,61000.0
75.0,60000.0
150.0,120000.0
80.0,65000.0
92.0,123000.0
96.0,51999.0
80.0,95000.0
50.0,39000.0
52.0,40500.0
96.0,110000.0
52.0,36000.0
140.0,121861.0
135.0,129000.0
76.0,60000.0
153.0,112000.0
107.0,84000.0
41.0,35000.0
210.0,85000.0
79.0,62000.0
44.0,24000.0
96.0,67000.0
72.0,45500.0
45.0,35000.0
135.0,160000.0
75.0,72000.0
45.0,56000.0
52.0,54000.0
57.0,55000.0
57.0,55000.0
48.0,34000.0
46.0,60000.0
118.0,72000.0
58.0,68000.0
82.0,47500.0
62.0,53000.0
51.0,56000.0
58.0,57997.0
50.0,59000.0
105.0,110000.0
65.0,36500.0
96.0,63000.0
90.0,105000.0
60.0,48000.0
70.0,47500.0
60.0,60000.0
72.0,64000.0
75.0,74000.0
54.0,65000.0
30.0,29000.0
59.0,65000.0
33.0,29000.0
61.0,67000.0
55.0,67000.0
52.0,33000.0
54.0,69000.0
70.0,48000.0
100.0,60000.0
65.0,46600.0
70.0,40000.0
82.0,46500.0
189.0,142500.0
54.0,36000.0
74.0,46500.0
71.0,60000.0
63.0,72500.0
42.16,29000.0
54.0,38000.0
54.0,40000.0
70.0,69000.0
90.0,90000.0
75.0,67000.0
68.0,30000.0
63.0,30000.0
58.0,60000.0
60.0,74500.0
77.0,87500.0
56.0,47000.0
80.0,53500.0
72.0,40000.0
90.0,58000.0
60.0,48500.0
60.0,48500.0
80.0,70000.0
74.0,55000.0
52.0,45000.0
55.0,60000.0
66.0,72000.0
52.0,54000.0
56.0,62000.0
65.0,67998.0
65.0,62000.0
60.0,70000.0
40.0,50000.0
50.0,56000.0
40.0,40000.0
60.0,65000.0
69.0,54000.0
67.0,57000.0
104.0,130000.0
45.0,50000.0
47.0,34500.0
82.0,67000.0
56.0,32000.0
70.0,47400.0
52.0,54000.0
40.0,31000.0
75.0,90000.0
52.0,36500.0
48.0,42000.0
83.0,90999.0
84.0,107000.0
75.0,69000.0
112.0,130000.0
73.0,110000.0
74.0,93000.0
100.0,89000.0
84.0,91998.0
70.0,50000.0
75.0,73000.0
54.0,50000.0
96.0,93000.0
49.0,34500.0
36.0,32000.0
62.0,42200.0
46.0,28500.0
85.0,75000.0
52.0,37000.0
70.0,41000.0
42.0,37000.0
68.0,44000.0
90.0,58000.0
52.0,41000.0
42.0,30000.0
80.0,59000.0
225.0,190000.0
90.0,90000.0
66.0,63000.0
30.0,28000.0
70.0,58000.0
44.9,19335.0
82.0,85500.0
84.0,55000.0
72.5,47000.0
36.0,28500.0
84.0,45000.0
65.0,36000.0
40.0,20500.0
58.0,33500.0
46.0,28000.0
65.0,43500.0
68.0,44000.0
45.0,25800.0
87.27,75000.0
78.0,45000.0
50.0,35000.0
60.0,61000.0
45.0,26000.0
60.0,55000.0
93.0,95000.0
53.0,29000.0
54.0,35000.0
50.0,34500.0
62.0,38000.0
42.0,50000.0
161.0,155000.0
58.0,28200.0
21.0,21000.0
46.0,29000.0
45.0,59000.0
82.96,53000.0
75.0,115000.0
72.0,46000.0
80.0,79900.0
85.0,87000.0
58.0,47000.0
73.0,37000.0
58.0,33000.0
60.0,35000.0
85.0,63000.0
50.0,35500.0
100.0,76000.0
70.0,44000.0
64.0,38000.0
72.0,41500.0
32.0,29900.0
145.0,160000.0
92.0,60000.0
62.0,35000.0
92.0,68000.0
60.0,52000.0
94.0,96000.0
62.0,28000.0
100.0,84500.0
90.0,48500.0
110.0,63000.0
111.0,139500.0
80.0,32000.0
65.0,64000.0
70.0,33000.0
65.0,30000.0
60.0,34700.0
37.0,17700.0
90.0,45000.0
47.0,27500.0
70.0,42000.0
93.0,57000.0
66.0,33500.0
42.0,32000.0
147.0,132000.0
68.0,35000.0
32.0,17500.0
18.0,14000.0
70.0,42900.0
20.0,12498.0
17.0,17000.0
14.0,10600.0
20.0,14000.0
80.0,47500.0
40.0,26000.0
18.0,12300.0
18.0,12500.0
51.0,35999.0
75.0,56001.0
110.0,85000.0
100.0,75000.0
45.0,34800.0
71.0,48600.0
54.0,34000.0
54.0,34000.0
96.0,65000.0
56.0,42000.0
43.0,27000.0
100.0,70000.0
77.32,55000.0
67.53,33000.0
113.0,67500.0
60.0,39000.0
60.0,34000.0
42.0,28500.0
58.0,33000.0
46.0,25000.0
45.0,23000.0
52.0,41000.0
91.0,120000.0
54.0,34000.0
48.0,41500.0
43.31,45000.0
54.0,41500.0
24.0,29000.0
130.0,107000.0
33.0,31000.0
33.0,31000.0
100.0,58000.0
84.0,56000.0
116.0,155000.0
50.0,33000.0
60.0,36000.0
40.0,34000.0
56.0,32000.0
62.5,36500.0
42.0,33500.0
173.0,135000.0
46.23,37000.0
188.0,160000.0
58.0,46000.0
75.0,55000.0
45.0,31000.0
78.0,52000.0
57.0,39000.0
54.0,37000.0
75.0,45000.0
92.0,57000.0
64.0,49500.0
69.0,55500.0
75.0,51500.0
80.0,55000.0
95.0,55000.0
75.0,43999.0
90.0,96000.0
100.0,105000.0
72.0,43000.0
140.0,98000.0
50.0,38500.0
103.0,160000.0
78.0,38000.0
56.0,40000.0
48.0,25500.0
72.0,56000.0
70.0,66000.0
76.0,79999.0
42.0,22000.0
117.0,136000.0
77.0,51000.0
62.0,28000.0
80.0,45000.0
72.0,47000.0
100.0,105000.0
67.0,42200.0
62.0,36000.0
150.0,112000.0
60.0,34000.0
66.0,67000.0
97.53,50000.0
95.0,50000.0
75.0,67000.0
90.0,42500.0
92.0,62000.0
48.0,50000.0
86.0,38499.0
40.0,45500.0
100.0,46000.0
40.0,45500.0
53.0,45500.0
50.0,46500.0
40.0,47000.0
64.0,35500.0
43.0,47500.0
70.0,37000.0
94.0,67000.0
47.0,44000.0
100.0,48000.0
60.0,43500.0
78.0,51500.0
55.47,38000.0
60.0,55000.0
54.0,35000.0
100.0,45000.0
214.0,100000.0
160.0,180000.0
72.0,57700.0
57.0,29500.0
60.0,38000.0
141.0,87500.0
50.0,33500.0
63.0,36000.0
84.0,69999.0
58.5,23400.0
38.0,23000.0
38.0,26000.0
121.0,140000.0
30.0,23000.0
112.0,94000.0
78.0,49000.0
36.0,25000.0
78.0,85000.0
100.0,105000.0
50.0,52000.0
75.0,38000.0
73.0,48000.0
86.0,68000.0
50.0,41000.0
60.0,38000.0
100.0,15000.0
53.0,44000.0
72.0,63000.0
40.0,25500.0
100.0,90000.0
38.0,25500.0
80.0,50000.0
150.0,108000.0
56.0,37000.0
55.0,31500.0
80.0,58000.0
65.0,39500.0
200.0,128000.0
70.0,64000.0
68.0,55000.0
108.0,54000.0
110.0,110000.0
70.0,50000.0
60.0,42000.0
65.0,31500.0
75.0,86000.0
96.0,75000.0
67.0,40000.0
83.0,77000.0
58.0,42000.0
37.0,26000.0
112.0,90000.0
85.0,82999.0
98.0,71000.0
63.0,50000.0
47.0,33000.0
39.0,23000.0
60.0,50000.0
22.0,15000.0
100.0,44000.0
78.0,76000.0
40.0,30500.0
67.0,45000.0
70.0,58500.0
91.0,52500.0
76.0,51000.0
63.0,35500.0
70.0,63000.0
70.0,40000.0
208.0,208000.0
65.0,51000.0
86.0,78000.0
115.0,87000.0
100.0,110000.0
50.0,35500.0
58.0,45500.0
91.0,37000.0
93.0,50562.0
80.0,39000.0
50.0,30000.0
40.0,26000.0
60.0,36000.0
45.0,36000.0
74.0,40500.0
40.0,31500.0
80.0,80000.0
34.0,22000.0
67.0,46000.0
115.0,89000.0
111.0,85000.0
48.0,35000.0
78.0,39000.0
68.0,45000.0
75.0,80000.0
44.0,31000.0
90.0,55000.0
60.0,34000.0
43.0,30500.0
45.0,28500.0
70.0,41000.0
72.0,45000.0
70.0,52000.0
68.0,53000.0
42.0,31000.0
30.0,28500.0
95.0,50000.0
28.0,25000.0
52.0,33000.0
43.0,28500.0
100.0,53000.0
50.0,35000.0
50.0,32000.0
58.0,34000.0
55.0,35000.0
78.0,43000.0
50.0,33500.0
85.0,57000.0
78.0,43000.0
50.0,35500.0
76.0,41000.0
100.0,53000.0
86.0,55000.0
85.0,90000.0
54.0,29000.0
57.0,24000.0
93.0,56700.0
110.0,68000.0
45.0,37000.0
54.0,35500.0
60.0,42000.0
78.0,45000.0
85.0,85000.0
100.0,60000.0
78.0,59500.0
78.0,49994.0
38.0,48499.0
60.0,50000.0
50.0,51500.0
62.0,52000.0
61.0,56500.0
45.0,57000.0
77.0,65500.0
68.0,68000.0
73.0,68000.0
60.0,70500.0
83.0,71000.0
87.0,72500.0
80.0,72500.0
70.0,72500.0
90.0,78000.0
88.0,78000.0
73.0,78000.0
82.0,81000.0
42.0,81000.0
100.0,84000.0
110.0,88000.0
80.0,111000.0
80.0,94000.0
90.0,50000.0
75.0,40000.0
70.0,46500.0
65.0,38500.0
100.0,48000.0
53.0,41500.0
80.0,62000.0
63.0,39500.0
56.0,38500.0
70.0,37000.0
45.0,35000.0
70.0,46200.0
92.0,41500.0
80.0,86000.0
52.0,35000.0
100.0,110000.0
97.0,155000.0
29.0,30000.0
115.0,160000.0
120.0,100000.0
60.0,102000.0
112.0,87000.0
96.0,110000.0
56.0,35000.0
33.0,24300.0
29.0,30000.0
60.0,28000.0
45.0,37000.0
42.0,45000.0
65.0,80000.0
80.0,52000.0
65.0,65000.0
96.0,65000.0
60.0,70000.0
50.0,37500.0
200.0,195000.0
61.0,52000.0
74.0,43200.0
96.0,85000.0
90.0,63000.0
52.0,41000.0
140.0,120000.0
52.0,40000.0
97.0,130000.0
180.0,210000.0
45.0,37500.0
80.0,80000.0
56.0,44500.0
40.0,59500.0
50.0,42500.0
70.0,43000.0
29.0,26500.0
62.0,47000.0
75.0,65000.0
87.0,39150.0
64.0,42200.0
67.0,46000.0
119.0,84500.0
75.0,69000.0
84.0,33600.0
97.0,130000.0
180.0,210000.0
45.0,37500.0
80.0,80000.0
56.0,44500.0
40.0,59500.0
50.0,42500.0
70.0,43000.0
29.0,26500.0
62.0,47000.0
75.0,65000.0
87.0,39150.0
64.0,42200.0
67.0,46000.0
119.0,84500.0
75.0,69000.0
84.0,33600.0
96.0,51000.0
60.0,63000.0
111.0,80000.0
102.0,74970.0
75.0,36000.0
110.0,100000.0
68.0,68000.0
107.0,60000.0
100.0,50000.0
78.0,49200.0
98.0,60700.0
43.0,24000.0
92.0,60000.0
86.0,44000.0
60.0,47000.0
132.0,87000.0
48.0,29500.0
90.0,52000.0
68.0,37500.0
48.0,40000.0
64.0,57000.0
92.0,98000.0
90.0,89999.0
88.0,45000.0
83.0,83000.0
38.0,22000.0
68.0,44000.0
95.0,70000.0
70.0,79000.0
68.0,55000.0
50.0,38500.0
100.0,55000.0
95.0,62000.0
60.0,35000.0
70.0,60000.0
48.0,31000.0
110.0,110000.0
78.0,120000.0
100.0,130000.0
96.0,83000.0
72.0,65000.0
90.0,58000.0
95.0,62000.0
170.0,95000.0
78.0,75000.0
100.0,100000.0
120.0,90000.0
200.0,125000.0
90.0,96000.0
125.0,105000.0
75.0,79000.0
140.0,130000.0
100.0,145000.0
80.0,55000.0
68.0,70000.0
94.0,85000.0
74.0,48000.0
55.0,47000.0
90.0,105000.0
85.0,61000.0
80.0,75000.0
79.0,60000.0
70.0,75000.0
120.0,118000.0
69.0,45000.0
120.0,88000.0
46.0,45000.0
55.0,35000.0
60.0,36000.0
60.0,32900.0
120.0,120000.0
96.0,105000.0
100.0,63000.0
35.0,18500.0
105.0,70000.0
18.0,11000.0
94.0,66000.0
55.0,35000.0
75.0,41500.0
64.0,65000.0
100.0,128000.0
105.0,95000.0
77.0,85000.0
80.0,45000.0
54.0,46500.0
72.0,34500.0
52.0,42000.0
53.0,37000.0
50.0,46500.0
30.0,31500.0
75.0,68000.0
65.0,60000.0
47.0,41000.0
70.0,42500.0
51.0,45000.0
51.0,47000.0
100.0,71000.0
43.5,28700.0
60.0,47000.0
82.0,55000.0
45.0,27500.0
54.0,30000.0
58.0,36000.0
47.0,36500.0
60.0,37500.0
65.0,42000.0
85.0,74000.0
74.0,50000.0
50.0,22907.0
48.0,37000.0
68.0,57000.0
84.0,75000.0
92.0,130000.0
51.0,50000.0
35.0,34500.0
83.0,83000.0
36.0,26500.0
42.0,25000.0
50.0,34500.0
35.0,24500.0
50.0,35000.0
90.0,48500.0
106.0,106000.0
78.0,38000.0
200.0,102000.0
50.0,31500.0
45.0,29500.0
68.0,49500.0
48.0,34500.0
80.0,68000.0
68.0,31000.0
67.68,47000.0
14.0,8000.0
75.0,103000.0
38.0,36000.0
68.0,44000.0
60.0,45000.0
70.0,75000.0
73.0,62000.0
65.0,60000.0
39.0,26700.0
140.0,102000.0
60.0,52000.0
62.0,53500.0
75.0,80000.0
110.0,85000.0
80.0,49000.0
60.0,38000.0
70.0,55000.0
62.0,55000.0
70.0,40000.0
55.0,32500.0
90.0,85000.0
136.0,130000.0
72.0,65000.0
75.0,63000.0
54.0,32500.0
55.0,33500.0
45.0,29000.0
54.0,33000.0
38.0,27500.0
108.0,90000.0
60.0,38500.0
65.0,37000.0
150.0,150000.0
30.0,48000.0
85.0,80000.0
50.0,44000.0
84.0,41000.0
62.0,41000.0
60.0,32000.0
60.0,45000.0
60.0,31501.0
60.0,39500.0
90.0,42000.0
30.0,24000.0
23.0,22500.0
114.0,40000.0
40.0,25000.0
54.0,41500.0
75.0,60000.0
78.0,62000.0
120.0,135000.0
40.0,36500.0
65.0,74000.0
60.0,41500.0
65.0,89000.0
60.0,69000.0
125.0,150000.0
200.0,125000.0
160.0,195000.0
160.0,160000.0
47.0,30000.0
70.0,67000.0
80.0,42000.0
88.0,49000.0
116.0,73000.0
93.0,88000.0
70.0,46500.0
50.0,35000.0
77.0,43998.0
55.0,31500.0
49.0,37000.0
60.0,44500.0
64.0,47000.0
43.0,47500.0
56.0,35000.0
72.0,55000.0
100.0,75000.0
40.0,17200.0
115.0,115000.0
110.0,120000.0
85.0,85000.0
30.0,23500.0
52.0,52000.0
60.0,37000.0
30.0,23500.0
32.0,25000.0
50.0,34500.0
60.0,36000.0
40.0,25500.0
60.0,39000.0
50.0,34500.0
56.0,36500.0
42.0,25000.0
45.0,29500.0
60.0,36500.0
46.0,29500.0
70.0,65000.0
63.0,41000.0
60.0,49000.0
70.0,36500.0
88.0,70000.0
47.0,50000.0
75.0,115000.0
60.0,33000.0
86.0,46000.0
54.0,22000.0
95.0,43000.0
58.9,55000.0
115.0,90000.0
77.0,85000.0
76.0,55000.0
96.0,38500.0
90.0,62000.0
48.0,23000.0
39.0,26700.0
51.0,38000.0
58.0,49000.0
110.0,51000.0
58.0,31500.0
78.0,52000.0
65.0,53000.0
58.0,36500.0
100.0,60000.0
60.0,37700.0
63.0,37000.0
75.0,115000.0
60.0,62000.0
100.0,90000.0
120.0,99000.0
120.0,56000.0
88.0,70000.0
60.0,37700.0
73.0,58000.0
118.0,66000.0
140.0,110000.0
110.0,53089.0
60.0,60000.0
40.0,23000.0
80.0,107000.0
95.0,75000.0
100.0,78000.0
53.0,39700.0
50.0,32000.0
57.0,32000.0
50.0,31500.0
60.0,37500.0
43.0,31500.0
52.0,31500.0
48.0,31500.0
60.0,31500.0
53.0,31000.0
40.0,25500.0
85.0,56000.0
121.0,105000.0
45.0,31000.0
52.0,31000.0
62.0,30000.0
50.0,30000.0
80.0,78000.0
55.0,29500.0
50.0,29500.0
215.0,180000.0
35.0,27500.0
45.0,43000.0
38.0,33000.0
72.0,54000.0
105.0,60000.0
85.0,59800.0
38.0,46500.0
30.0,25000.0
110.0,58000.0
50.0,31000.0
126.0,76000.0
60.0,102000.0
51.0,39500.0
48.0,28500.0
48.0,28000.0
50.0,28000.0
38.0,23000.0
35.0,26000.0
48.0,26000.0
50.0,25000.0
54.0,23500.0
130.0,99000.0
92.0,49000.0
100.0,95000.0
52.0,75000.0
114.0,160000.0
80.0,75000.0
70.0,75000.0
52.0,63000.0
46.0,32500.0
50.0,29500.0
47.0,27000.0
47.0,34500.0
68.0,65000.0
70.0,39800.0
84.0,55800.0
63.0,31500.0
48.0,55000.0
94.0,85000.0
95.0,95000.0
70.0,85000.0
80.0,59000.0
105.0,126000.0
86.0,103000.0
70.0,49000.0
118.0,105000.0
60.0,30000.0
98.0,52000.0
51.0,34000.0
60.0,35000.0
41.0,23500.0
47.0,28500.0
47.0,33500.0
38.0,26500.0
40.0,26500.0
42.0,28000.0
43.0,31000.0
39.0,34000.0
41.0,34500.0
33.0,25500.0
30.0,25000.0
50.0,37000.0
79.0,27000.0
48.0,23000.0
200.0,105000.0
28.0,45000.0
100.0,67000.0
75.0,110000.0
100.0,45800.0
170.0,165000.0
65.0,70000.0
75.0,88000.0
75.0,65000.0
78.0,55000.0
130.0,72000.0
94.0,51000.0
60.0,54000.0
80.0,58800.0
80.0,39000.0
50.0,30000.0
100.0,120000.0
40.0,26000.0
40.0,31500.0
96.0,52000.0
44.0,30500.0
85.0,47500.0
68.0,40000.0
92.0,99000.0
76.0,55000.0
68.0,42000.0
60.0,33500.0
42.0,28500.0
42.0,33500.0
60.0,42000.0
50.0,35000.0
49.44,31000.0
75.0,48000.0
55.0,35000.0
50.0,33500.0
68.0,59000.0
86.0,135000.0
66.0,75000.0
132.0,65000.0
56.0,29500.0
90.0,46000.0
64.0,42000.0
68.0,42100.0
36.0,65000.0
60.0,44000.0
72.0,65000.0
60.0,41000.0
84.0,55000.0
65.0,48000.0
91.0,85000.0
105.0,66455.0
100.0,62000.0
62.0,47500.0
52.0,41000.0
105.0,66847.0
55.0,38500.0
50.0,36000.0
100.0,66500.0
70.0,90000.0
65.0,35000.0
110.0,63500.0
29.0,23990.0
47.5,48900.0
100.0,70000.0
55.0,54000.0
80.0,36000.0
50.0,33500.0
60.0,36500.0
42.0,27500.0
75.0,74500.0
42.0,28500.0
42.0,26500.0
50.3,21660.0
75.0,37000.0
60.0,41000.0
100.0,90000.0
60.0,40000.0
68.0,38000.0
70.0,37000.0
67.0,36500.0
68.0,44000.0
55.0,30000.0
60.0,34500.0
48.0,22907.0
74.0,46835.0
70.0,37500.0
72.0,47000.0
67.0,42000.0
60.0,36000.0
57.0,36500.0
50.0,32000.0
54.0,35500.0
50.0,36000.0
50.0,37500.0
60.0,38000.0
60.0,37000.0
66.19,40000.0
60.0,38000.0
38.0,25000.0
40.0,22500.0
55.0,31500.0
51.33,42000.0
55.0,30000.0
40.0,24500.0
65.0,34000.0
100.0,51000.0
120.0,155000.0
150.0,165000.0
92.0,45000.0
120.0,160000.0
60.0,41000.0
22.0,15500.0
67.0,38000.0
42.0,21000.0
60.0,39000.0
60.0,34500.0
60.0,41500.0
70.0,37000.0
57.6,35000.0
46.0,27598.0
55.0,34000.0
55.0,41000.0
40.0,18332.0
30.0,26500.0
85.0,55000.0
85.0,55000.0
45.0,28481.0
72.0,46000.0
70.0,51500.0
65.0,47000.0
116.0,72356.0
176.0,69724.0
56.0,40000.0
69.0,31622.0
45.0,55710.0
45.0,57853.0
84.0,41000.0
61.0,39500.0
110.0,69620.0
50.0,32999.0
70.0,52000.0
77.47,50000.0
37.0,26500.0
46.7,20110.0
87.65,56491.0
110.0,69620.0
68.0,82000.0
45.0,28481.0
74.0,44000.0
70.0,41000.0
88.9,38282.0
80.0,42000.0
108.27,69780.0
87.05,60260.0
58.0,37500.0
105.0,66455.0
80.0,75000.0
49.88,32245.0
191.0,93128.0
46.0,37500.0
93.0,119562.0
108.0,75000.0
160.0,82000.0
150.0,180000.0
30.0,23000.0
130.0,110000.0
52.0,33000.0
69.0,50000.0
60.0,80000.0
40.0,25500.0
60.0,40000.0
60.0,83000.0
53.0,51000.0
62.0,75000.0
80.0,43000.0
75.0,75000.0
100.0,45800.0
63.0,37197.0
60.0,37000.0
74.0,46835.0
70.0,41500.0
80.0,50633.0
72.0,58000.0
87.65,58583.0
75.0,96421.0
85.0,50000.0
56.97,40000.0
58.0,32000.0
70.0,40000.0
43.0,33000.0
57.0,33600.0
60.0,36500.0
110.0,47000.0
58.0,48000.0
129.18,83257.0
65.0,43000.0
42.0,26000.0
42.0,32500.0
54.9,23641.0
49.0,35000.0
120.0,95000.0
119.0,74280.0
122.0,65000.0
72.0,43500.0
68.0,40000.0
60.0,54000.0
70.0,42000.0
63.0,76000.0
65.0,52500.0
36.0,25500.0
74.0,52148.0
86.6,37292.0
74.0,33903.0
43.0,25200.0
39.0,27500.0
123.0,64000.0
44.0,25000.0
24.0,14000.0
217.0,105805.0
58.0,37000.0
62.0,44000.0
74.0,70000.0
74.0,73999.0
85.0,52500.0
45.0,35500.0
75.0,55000.0
65.0,65000.0
80.0,88000.0
62.0,44000.0
62.0,70000.0
40.0,38500.0
63.09,42000.0
45.0,41000.0
77.5,49600.0
63.09,42000.0
78.0,45000.0
100.0,78000.0
110.0,86000.0
18.0,10000.0
86.0,55000.0
205.8,95000.0
44.0,21000.0
130.0,64000.0
47.0,28500.0
57.95,29500.0
205.8,95000.0
120.0,135000.0
65.0,57000.0
42.0,38000.0
95.0,115000.0
58.0,57000.0
70.0,58000.0
125.0,131500.0
39.0,33500.0
121.0,110000.0
62.0,67000.0
48.0,36000.0
70.0,46000.0
70.0,78000.0
213.0,185000.0
78.0,72000.0
52.19,37000.0
63.0,43000.0
92.0,53999.0
125.0,75000.0
100.0,145000.0
58.0,44500.0
63.0,33539.0
70.0,56000.0
75.0,62000.0
95.0,75000.0
37.0,31000.0
130.0,50000.0
168.0,62000.0
120.0,95000.0
48.0,23000.0
95.0,43524.0
56.0,38500.0
85.0,53000.0
36.0,20500.0
56.0,29500.0
70.0,35500.0
70.0,39500.0
78.0,38500.0
78.0,36000.0
51.0,27000.0
160.0,85000.0
90.0,120000.0
77.0,56000.0
90.0,63000.0
120.0,160000.0
150.0,160000.0
120.0,145000.0
120.0,155000.0
12.0,8999.0
52.0,32500.0
142.0,135000.0
53.0,34500.0
51.0,26500.0
57.0,37000.0
38.0,27500.0
54.0,31500.0
62.0,76000.0
45.0,26000.0
110.0,70000.0
57.0,34800.0
110.0,45000.0
70.0,38500.0
58.0,40000.0
56.47,35000.0
68.0,43000.0
60.0,39000.0
106.0,105000.0
86.0,70000.0
60.0,42000.0
70.0,48000.0
41.0,29000.0
42.0,23500.0
59.0,38500.0
50.0,29900.0
95.0,66000.0
91.0,43000.0
50.0,29900.0
29.7,20500.0
36.0,25000.0
60.0,39985.0
85.0,69990.0
139.0,150000.0
57.0,55000.0
65.0,63000.0
44.0,60000.0
96.0,88000.0
106.0,106000.0
50.0,34500.0
42.0,25700.0
42.0,26200.0
30.0,25700.0
46.0,46500.0
105.0,125000.0
46.0,38000.0
35.0,19000.0
155.0,125000.0
70.0,48000.0
86.0,46000.0
46.0,39000.0
78.0,48000.0
72.0,82000.0
75.0,55000.0
60.0,47500.0
75.0,74000.0
70.0,90000.0
61.0,38000.0
92.0,115000.0
55.0,58000.0
75.0,50000.0
65.0,57000.0
30.0,22000.0
90.0,51000.0
98.0,71000.0
42.0,37000.0
52.0,36000.0
80.0,51000.0
48.0,39500.0
39.0,21000.0
60.0,31500.0
94.0,50000.0
45.0,28000.0
62.0,55000.0
52.0,41000.0
78.0,39000.0
40.0,35500.0
26.0,29500.0
74.0,41000.0
67.0,29900.0
60.0,45000.0
140.0,100000.0
30.0,25400.0
60.0,46500.0
60.0,54000.0
70.0,60000.0
138.0,145000.0
36.0,25200.0
48.0,23000.0
78.0,47000.0
43.0,42000.0
65.0,52000.0
36.0,28000.0
35.0,25500.0
73.0,57000.0
105.0,60000.0
43.0,33500.0
78.0,36500.0
63.0,76000.0
90.0,45000.0
118.0,57993.0
75.0,52000.0
74.0,62000.0
150.0,54000.0
41.0,30000.0
120.0,160000.0
97.0,95600.0
110.0,140000.0
72.0,40000.0
94.0,118000.0
115.0,160000.0
45.0,40000.0
97.0,155000.0
100.0,87000.0
41.0,45000.0
60.0,75000.0
70.0,48000.0
88.0,55000.0
110.0,169000.0
70.0,55000.0
80.0,90000.0
73.0,55000.0
67.0,42200.0
100.0,95000.0
75.0,59500.0
51.0,43500.0
170.0,2000.0
55.0,26300.0
70.0,57500.0
68.0,47000.0
101.0,105000.0
50.0,42000.0
40.0,46500.0
75.0,47000.0
75.0,85000.0
86.0,75000.0
60.0,102000.0
58.0,55000.0
114.0,160000.0
30.0,27700.0
90.0,37000.0
70.0,61000.0
100.0,57000.0
79.3,38448.0
91.0,51000.0
80.0,50000.0
55.0,57000.0
75.0,57000.0
45.0,58000.0
90.0,51000.0
52.0,41500.0
65.0,42000.0
45.0,32000.0
56.0,28100.0
78.0,55000.0
60.0,34000.0
90.0,73000.0
73.0,52000.0
20.0,12100.0
42.0,28500.0
105.0,125000.0
42.0,33500.0
30.0,26100.0
55.0,35000.0
50.0,35000.0
55.0,35000.0
50.0,33500.0
130.0,106000.0
45.0,26000.0
42.0,26500.0
64.0,42000.0
42.0,29999.0
50.0,45000.0
30.0,21500.0
45.0,39000.0
24.0,19000.0
49.0,23000.0
116.0,72000.0
40.0,30000.0
49.0,33500.0
45.0,35500.0
215.0,185000.0
93.0,75000.0
91.0,73000.0
22.0,19000.0
130.0,56000.0
95.13,68000.0
55.0,54000.0
59.8,27288.0
94.0,32000.0
70.0,66000.0
70.0,63000.0
105.0,160000.0
56.0,36500.0
70.0,64000.0
82.0,88000.0
55.0,55000.0
72.0,63000.0
80.0,81000.0
115.0,160000.0
97.0,155000.0
96.0,58000.0
78.0,44500.0
58.0,33000.0
65.0,54000.0
57.0,29000.0
60.0,38000.0
58.0,42000.0
50.0,28700.0
55.0,61000.0
45.0,28000.0
70.0,67000.0
50.0,35500.0
85.0,74000.0
80.0,100000.0
68.0,68000.0
154.0,129500.0
82.0,86000.0
75.0,74000.0
100.0,100000.0
78.0,56000.0
26.0,22000.0
36.0,25500.0
91.0,85000.0
65.0,53500.0
103.0,160000.0
183.5,203000.0
75.0,60000.0
67.0,42500.0
94.0,66000.0
130.0,155000.0
60.0,45000.0
75.0,70000.0
106.0,120000.0
90.0,125000.0
98.0,65000.0
49.0,34500.0
80.0,90000.0
48.0,23000.0
73.0,45000.0
70.0,66000.0
114.0,160000.0
48.0,38000.0
39.0,25000.0
75.0,52000.0
94.0,118000.0
110.0,169000.0
72.0,72000.0
90.0,51000.0
78.0,51000.0
75.0,38000.0
50.0,30000.0
65.0,34500.0
40.0,26000.0
70.0,68000.0
78.0,55000.0
64.0,58000.0
48.0,31000.0
41.0,25800.0
42.0,28500.0
80.0,72000.0
42.0,33500.0
72.0,65000.0
70.0,56000.0
55.0,35000.0
63.0,46000.0
50.0,35000.0
55.0,35000.0
213.0,165000.0
50.0,33500.0
42.0,26499.0
70.0,46500.0
65.0,48000.0
70.0,35000.0
100.0,45000.0
64.7,36200.0
87.71,70000.0
98.0,53000.0
120.0,132000.0
59.0,33000.0
64.5,37410.0
87.0,55000.0
42.0,38500.0
38.0,26000.0
87.0,70000.0
42.0,33500.0
120.3,100000.0
55.0,65000.0
62.0,66000.0
90.0,44000.0
60.0,77000.0
70.0,54000.0
187.0,145000.0
61.0,38000.0
51.0,36000.0
93.0,75000.0
65.0,58500.0
50.0,35000.0
60.0,75000.0
48.0,28500.0
50.0,30000.0
88.0,59990.0
68.0,52500.0
72.0,62000.0
64.0,45000.0
58.0,42200.0
68.0,45200.0
72.0,82000.0
53.0,43000.0
75.0,38000.0
75.0,72000.0
79.0,101564.0
60.0,60000.0
121.0,109989.0
54.0,35500.0
49.3,39900.0
64.0,39000.0
72.0,96000.0
42.0,35000.0
65.0,55000.0
64.0,52000.0
48.0,34500.0
50.0,31000.0
65.0,68000.0
115.0,87000.0
75.0,60000.0
80.0,53000.0
52.0,35500.0
100.0,72000.0
74.0,41000.0
150.0,138000.0
50.0,30000.0
94.0,118000.0
83.0,83000.0
75.0,70000.0
75.0,74000.0
65.0,52000.0
75.0,52000.0
110.0,169000.0
4.0,26000.0
52.0,36500.0
83.0,55000.0
34.0,28500.0
85.0,55000.0
78.0,55000.0
52.0,33500.0
60.0,34000.0
35.0,27000.0
30.0,27000.0
110.0,130000.0
35.0,17700.0
42.0,28500.0
107.0,105000.0
100.0,50000.0
87.0,84000.0
107.0,102000.0
40.0,33500.0
78.0,52000.0
55.0,35000.0
50.0,33000.0
50.0,35000.0
70.0,47000.0
58.0,34996.0
43.0,37000.0
62.0,45000.0
63.0,45000.0
60.0,39000.0
58.0,41500.0
58.0,42000.0
58.0,42000.0
42.0,26500.0
65.0,42000.0
55.0,42000.0
110.0,96000.0
62.0,33000.0
45.0,25600.0
47.3,52000.0
63.0,40000.0
64.0,52000.0
50.0,23000.0
60.0,38000.0
60.0,47500.0
60.0,49000.0
100.0,87000.0
120.0,132000.0
65.0,56500.0
70.0,63000.0
55.0,52500.0
73.0,75000.0
157.0,150000.0
60.0,77000.0
94.0,118000.0
36.0,21000.0
62.0,28000.0
75.0,43000.0
86.0,40000.0
32.0,16500.0
70.0,36000.0
43.0,45000.0
43.0,39000.0
47.2,30000.0
140.0,85000.0
63.0,26500.0
85.0,53000.0
98.0,60000.0
35.0,48000.0
80.0,50000.0
65.0,60000.0
70.0,56000.0
77.0,48000.0
50.0,34500.0
48.0,31000.0
50.0,35500.0
60.0,37500.0
54.0,36500.0
42.0,28500.0
36.0,27500.0
58.0,37751.0
117.0,132000.0
170.0,130000.0
103.0,170000.0
45.0,39500.0
60.0,77000.0
120.0,132000.0
65.0,56500.0
55.0,37000.0
85.0,74000.0
115.0,115000.0
51.0,48000.0
73.0,60000.0
56.0,32000.0
43.0,37000.0
46.0,25000.0
26.4,18500.0
65.0,56500.0
40.0,25200.0
70.0,55000.0
92.0,54600.0
75.0,78000.0
73.0,47500.0
67.0,52500.0
60.0,77000.0
71.0,52000.0
75.0,39000.0
75.0,67000.0
65.0,56000.0
50.0,36998.0
43.0,27000.0
60.0,52000.0
68.0,90000.0
85.0,78000.0
55.0,43500.0
57.0,36000.0
120.0,134500.0
70.0,65000.0
58.0,45000.0
108.0,103000.0
90.0,88000.0
100.0,62500.0
40.0,25150.0
75.0,73000.0
71.0,53000.0
78.0,26500.0
169.0,93000.0
62.0,55000.0
46.0,30000.0
70.0,42000.0
70.0,70000.0
58.0,47000.0
65.0,56500.0
50.0,36000.0
42.0,26500.0
58.0,41500.0
64.0,38500.0
50.0,35000.0
100.0,75000.0
45.0,45000.0
38.0,35000.0
86.0,80000.0
38.0,42000.0
49.0,36000.0
56.0,34500.0
85.0,59000.0
58.0,36000.0
50.0,35000.0
65.0,56500.0
55.0,35000.0
78.0,98000.0
47.0,29000.0
50.0,30000.0
45.0,33500.0
48.0,32500.0
42.0,28500.0
47.0,38700.0
40.0,46500.0
66.0,33500.0
60.0,41500.0
58.0,46000.0
59.0,57000.0
125.0,65000.0
60.0,34000.0
135.0,88000.0
50.0,33000.0
78.0,71000.0
48.0,28000.0
56.0,31000.0
45.0,45000.0
86.0,80000.0
56.0,31000.0
72.0,80000.0
75.0,74000.0
47.0,36000.0
55.0,29000.0
65.0,47000.0
55.0,29500.0
72.0,67000.0
64.0,52000.0
60.0,31000.0
100.0,85000.0
65.0,38000.0
32.0,26500.0
42.0,26000.0
45.0,29500.0
36.0,27500.0
50.0,38500.0
60.0,38000.0
50.0,35000.0
40.0,30000.0
100.0,48000.0
115.0,115000.0
71.0,45000.0
90.0,65000.0
60.0,44000.0
72.0,60000.0
62.0,40500.0
93.0,62000.0
65.0,50000.0
70.0,40100.0
94.0,40000.0
32.0,25500.0
72.0,40000.0
45.0,22000.0
46.0,35000.0
45.0,59000.0
88.0,50000.0
69.8,45370.0
72.0,48500.0
38.0,26000.0
85.0,69900.0
60.0,30000.0
86.0,57000.0
65.0,56500.0
60.0,80000.0
95.0,130000.0
74.0,54000.0
51.14,56000.0
80.0,51500.0
105.0,86000.0
70.0,48000.0
65.0,68000.0
80.0,37000.0
48.0,28000.0
38.0,39500.0
38.0,24000.0
72.0,72898.0
23.8,21000.0
50.0,38000.0
28.0,19000.0
68.0,70000.0
96.0,49000.0
52.0,34500.0
118.0,50000.0
40.0,25499.0
55.0,33000.0
65.0,34200.0
48.6,43700.0
52.0,41000.0
72.0,52000.0
88.0,45000.0
58.0,57000.0
62.0,39500.0
60.0,38500.0
50.0,35500.0
50.0,33500.0
36.0,25500.0
30.0,24500.0
40.0,28500.0
42.0,26500.0
72.0,55000.0
50.0,35500.0
90.0,42000.0
69.0,62000.0
56.0,49000.0
80.0,41744.0
57.0,36000.0
55.0,33000.0
100.0,77000.0
39.0,27500.0
49.0,43000.0
80.0,40000.0
50.0,31000.0
44.0,30000.0
47.0,31500.0
65.0,35000.0
57.0,35500.0
90.0,64000.0
110.0,58000.0
58.0,62000.0
58.0,34000.0
70.0,55000.0
5.0,46600.0
122.0,65000.0
48.0,23000.0
72.0,55000.0
59.0,25000.0
101.0,65000.0
60.0,40000.0
47.0,36000.0
90.0,46700.0
85.0,74000.0
50.0,35000.0
56.0,34400.0
48.0,23000.0
145.0,95000.0
32.0,26000.0
75.0,58000.0
77.0,55000.0
58.0,37000.0
18.0,12300.0
50.0,33500.0
50.0,39000.0
120.0,135000.0
68.0,70000.0
76.0,59000.0
110.0,78800.0
58.0,34000.0
18.0,11500.0
60.0,47000.0
100.0,75000.0
40.0,29000.0
130.0,94000.0
77.36,64600.0
48.0,36500.0
213.0,220000.0
86.0,52000.0
51.0,35500.0
72.0,45000.0
58.9,55000.0
70.0,68000.0
100.0,56000.0
79.0,75000.0
135.0,99900.0
177.0,179000.0
110.0,100000.0
207.0,119900.0
208.0,119900.0
105.0,126000.0
121.0,109000.0
127.0,135000.0
30.0,27300.0
100.0,55000.0
70.0,56000.0
70.0,46000.0
54.0,36500.0
68.0,38500.0
60.0,41500.0
50.0,35500.0
68.0,38500.0
32.0,27000.0
46.0,30500.0
32.0,28500.0
166.0,129500.0
40.0,26500.0
45.0,36500.0
67.0,40000.0
64.0,42000.0
60.0,45000.0
70.0,34500.0
70.0,35000.0
70.0,45000.0
65.0,55000.0
32.0,23000.0
48.0,23000.0
42.0,36000.0
57.0,37500.0
38.0,26700.0
67.0,35000.0
73.0,38500.0
110.0,70000.0
72.0,43500.0
67.0,57000.0
70.0,48000.0
41.0,31000.0
60.0,42000.0
42.0,31000.0
70.0,65000.0
100.0,79000.0
54.0,36500.0
62.0,42500.0
43.0,35000.0
50.0,42000.0
58.0,47000.0
52.0,45000.0
95.0,46500.0
84.0,62000.0
25.0,21500.0
100.0,56000.0
50.0,36000.0
50.0,38000.0
48.0,36500.0
67.0,48000.0
72.0,38000.0
79.0,50000.0
40.0,33000.0
80.0,40000.0
60.0,53500.0
187.0,210000.0
112.0,87000.0
50.0,37400.0
52.0,42500.0
100.0,72500.0
61.0,60000.0
56.0,41000.0
47.0,42000.0
48.0,23000.0
72.0,68000.0
33.0,32000.0
27.7,85000.0
80.0,47000.0
83.0,44500.0
57.85,38600.0
83.0,55500.0
190.0,150000.0
64.0,47000.0
55.0,35000.0
78.0,42000.0
60.0,38000.0
90.18,46500.0
70.0,47000.0
42.0,35000.0
26.4,18500.0
54.0,65000.0
98.0,106000.0
48.0,35500.0
78.0,100000.0
57.0,35000.0
135.0,70000.0
172.0,150000.0
54.0,39900.0
48.0,23000.0
82.0,115000.0
125.0,115000.0
57.0,68000.0
60.0,79000.0
56.0,60000.0
112.0,90000.0
68.0,90000.0
55.0,31500.0
105.0,90000.0
45.0,39500.0
91.0,135000.0
200.0,150000.0
124.0,155000.0
38.0,25500.0
38.0,26700.0
50.0,38000.0
65.0,54000.0
80.0,72000.0
65.0,55000.0
75.0,74000.0
40.0,37000.0
100.0,57700.0
90.0,77000.0
100.0,88000.0
48.0,23000.0
120.0,145000.0
65.0,76000.0
59.0,42000.0
64.0,42000.0
105.0,60000.0
78.0,55000.0
100.0,70000.0
78.0,50000.0
80.0,48000.0
48.0,23000.0
51.0,57000.0
75.0,53500.0
39.0,27500.0
48.0,23000.0
90.0,56000.0
39.0,26700.0
48.0,23000.0
72.0,45500.0
98.0,160000.0
78.0,38000.0
60.0,75000.0
50.0,36000.0
38.0,26500.0
38.0,26500.0
62.0,58000.0
71.2,27500.0
65.0,38000.0
65.0,79000.0
56.0,36000.0
70.0,29500.0
50.0,33000.0
69.46,39000.0
120.0,105000.0
48.0,23000.0
83.0,38663.0
90.0,135500.0
65.0,37000.0
95.0,70000.0
52.0,37000.0
48.0,33500.0
33.0,30000.0
52.0,37500.0
85.0,85000.0
82.0,48000.0
52.0,40000.0
45.0,40000.0
57.0,37500.0
50.0,37500.0
50.0,36000.0
42.0,29500.0
34.0,28500.0
42.0,25500.0
54.0,37500.0
53.0,34000.0
38.0,26700.0
39.0,23500.0
69.0,50000.0
48.0,37000.0
60.0,75000.0
56.0,36000.0
50.0,28000.0
48.0,38000.0
26.0,19000.0
70.0,48000.0
20.0,15500.0
52.0,49000.0
70.0,35900.0
55.0,26500.0
28.0,21500.0
45.0,42000.0
54.0,38500.0
60.0,56000.0
107.0,62000.0
65.0,38500.0
45.0,37500.0
56.0,39000.0
55.0,41000.0
48.0,23000.0
85.0,88000.0
58.0,41000.0
48.0,40000.0
68.0,40000.0
70.0,75000.0
65.0,42000.0
50.0,36500.0
60.0,44000.0
110.0,105000.0
100.0,77501.0
50.0,33000.0
58.0,35000.0
48.0,42000.0
72.0,67000.0
83.0,63000.0
141.0,93000.0
80.0,57000.0
160.0,198000.0
92.0,50000.0
57.0,45500.0
140.0,45000.0
86.0,48000.0
60.0,55000.0
84.0,55000.0
175.0,125000.0
72.0,68000.0
72.0,40000.0
55.0,35000.0
60.0,58000.0
93.0,98000.0
36.0,22000.0
105.0,107000.0
104.0,68000.0
85.0,64000.0
38.0,33000.0
38.0,42000.0
65.0,56500.0
200.0,125000.0
70.0,57500.0
52.0,31000.0
66.0,39500.0
21.0,12500.0
65.0,29000.0
48.0,23000.0
82.0,125000.0
80.0,46000.0
60.0,33000.0
36.0,22500.0
34.0,20000.0
56.0,33000.0
83.0,55000.0
67.0,47000.0
31.0,40000.0
73.8,45000.0
58.0,37000.0
50.0,31500.0
76.0,60000.0
54.0,31000.0
36.0,24500.0
112.0,88000.0
60.0,40000.0
46.0,35000.0
17.0,17500.0
45.0,40000.0
110.0,165000.0
26.0,19000.0
96.0,87000.0
78.0,55000.0
45.0,27000.0
55.0,30800.0
75.0,75000.0
30.0,20500.0
75.0,56000.0
70.0,51500.0
35.0,23000.0
55.0,65000.0
40.0,31000.0
60.0,40000.0
60.0,48000.0
78.0,55000.0
85.0,82000.0
52.0,33000.0
96.0,88000.0
65.0,36000.0
100.0,78000.0
110.0,145000.0
56.0,38000.0
105.0,65500.0
43.9,53000.0
50.0,30299.0
78.0,52000.0
48.0,34800.0
57.0,40000.0
89.0,56000.0
3.8,90000.0
60.0,36000.0
38.0,27500.0
72.0,46000.0
51.0,33500.0
70.0,44000.0
80.0,125000.0
53.0,43000.0
182.0,160000.0
78.0,61000.0
70.0,54000.0
120.0,160000.0
41.0,23000.0
75.0,65000.0
62.0,43000.0
55.0,41000.0
38.0,30500.0
46.0,31000.0
150.0,97000.0
120.0,110000.0
82.0,75500.0
78.0,45000.0
100.0,68000.0
43.0,36000.0
68.0,42800.0
25.3,14500.0
35.0,32000.0
56.0,32500.0
90.0,48000.0
72.0,67000.0
62.0,46000.0
60.0,33500.0
54.0,38500.0
54.0,36000.0
54.0,50000.0
57.0,36000.0
125.0,110000.0
80.0,56000.0
75.0,53000.0
75.0,54000.0
77.0,50000.0
55.0,34000.0
90.0,45000.0
58.0,29500.0
60.0,42000.0
90.0,37000.0
79.0,54000.0
64.0,42000.0
50.0,37500.0
90.0,95000.0
70.0,41000.0
136.0,129900.0
54.0,34000.0
57.0,18000.0
80.0,50000.0
95.0,51000.0
115.0,75000.0
60.0,35000.0
82.0,55000.0
40.0,19500.0
71.0,75000.0
56.0,42000.0
68.0,42000.0
58.0,56500.0
71.0,45000.0
92.0,45000.0
82.0,46000.0
191.0,139900.0
78.0,114900.0
78.0,75900.0
80.0,104900.0
75.0,125000.0
105.0,92000.0
65.0,43000.0
79.86,68000.0
75.0,69000.0
71.0,52000.0
84.0,68000.0
120.0,113500.0
65.0,40000.0
80.0,83500.0
115.0,128500.0
105.0,60000.0
78.0,50000.0
70.0,28500.0
52.0,51000.0
115.0,77999.0
68.0,46999.0
82.0,88000.0
70.0,56000.0
71.0,62500.0
75.0,53000.0
59.0,49500.0
47.0,28000.0
62.0,60000.0
60.0,45000.0
42.0,37000.0
70.0,75000.0
150.0,103000.0
140.0,98000.0
41.0,30000.0
52.0,37900.0
70.0,60000.0
58.0,53500.0
87.0,70000.0
60.0,42000.0
56.0,39000.0
48.0,39000.0
54.0,37000.0
20.0,15500.0
57.0,37000.0
52.0,43000.0
72.0,43000.0
50.0,45000.0
30.0,24000.0
65.0,47000.0
30.0,30000.0
22.0,21000.0
58.0,42000.0
60.0,75000.0
90.0,75000.0
120.0,52000.0
75.0,110000.0
60.0,75000.0
70.0,46500.0
40.0,24000.0
40.0,25800.0
36.0,23500.0
36.0,27000.0
50.0,36500.0
50.0,36000.0
120.0,62000.0
50.0,33500.0
50.0,36000.0
70.0,36500.0
95.0,50000.0
140.0,95000.0
70.0,42000.0
100.0,48000.0
50.0,40500.0
183.5,203000.0
116.0,83000.0
38.0,30500.0
65.0,33000.0
116.0,56500.0
47.0,29000.0
50.0,29500.0
89.0,74999.0
109.0,49000.0
107.0,48000.0
110.0,85000.0
65.0,90000.0
36.0,26500.0
86.0,50000.0
100.0,105000.0
68.0,56000.0
43.0,27000.0
43.0,31500.0
84.0,57000.0
62.0,52000.0
60.0,33500.0
120.0,34500.0
30.0,32000.0
75.0,46000.0
45.0,38000.0
88.0,53000.0
73.0,65000.0
80.0,56000.0
64.0,42000.0
103.0,100000.0
55.0,53000.0
80.0,41000.0
48.0,32000.0
75.0,56500.0
98.0,54000.0
36.0,27000.0
70.0,93000.0
77.0,85000.0
42.0,19000.0
65.0,67000.0
87.0,66000.0
60.0,78000.0
100.0,70500.0
67.0,45000.0
100.0,58000.0
80.0,75000.0
23.7,18500.0
57.0,55000.0
98.0,106000.0
72.0,73500.0
51.0,50000.0
42.0,27000.0
55.0,26500.0
99.3,77500.0
42.0,37000.0
58.0,33500.0
65.0,72000.0
50.0,32000.0
50.0,44500.0
54.0,31000.0
40.2,28000.0
54.0,31000.0
45.0,27000.0
50.0,31000.0
60.0,40000.0
71.0,50000.0
68.0,90000.0
30.0,22500.0
47.0,36000.0
74.0,58000.0
90.0,75000.0
96.0,75000.0
69.7,75900.0
61.0,67000.0
70.0,61000.0
75.0,68000.0
80.0,47000.0
54.0,65000.0
44.0,36000.0
45.0,58000.0
112.0,165000.0
50.0,33000.0
53.0,46000.0
30.0,27000.0
60.0,40500.0
55.0,30000.0
53.0,43000.0
51.0,55000.0
42.0,28000.0
45.0,35500.0
35.0,35000.0
42.0,22500.0
64.0,37200.0
105.0,60000.0
43.0,23500.0
46.0,25000.0
130.0,130000.0
60.0,68000.0
43.0,24000.0
28.0,21500.0
30.0,26200.0
103.0,74000.0
80.0,52500.0
48.0,39000.0
60.0,31500.0
32.0,40000.0
120.0,165000.0
28.0,34000.0
80.0,61500.0
58.0,23000.0
60.0,32000.0
60.0,33500.0
54.0,36500.0
50.0,33500.0
50.0,33500.0
70.0,35200.0
42.0,28000.0
42.0,27500.0
36.0,25500.0
70.0,57500.0
58.0,43000.0
60.0,39000.0
52.0,37000.0
50.0,35000.0
74.0,73000.0
30.0,28200.0
90.0,52500.0
75.0,65000.0
56.0,45000.0
90.54,70000.0
39.0,27500.0
90.0,64000.0
54.0,34500.0
120.0,84000.0
57.0,45000.0
59.0,43000.0
70.0,65000.0
90.0,85000.0
20.0,14000.0
35.0,28000.0
39.0,27500.0
52.0,30000.0
65.0,35000.0
20.0,13500.0
72.0,52500.0
94.0,75000.0
100.0,85000.0
35.0,28000.0
50.0,31000.0
75.0,45700.0
65.0,41000.0
75.0,59000.0
75.0,41000.0
120.0,116000.0
75.0,46000.0
70.0,46000.0
72.0,58000.0
35.0,20000.0
75.0,46500.0
200.0,138000.0
60.0,47000.0
60.0,48000.0
58.0,38000.0
35.0,34555.0
95.0,48000.0
85.0,47500.0
110.0,55000.0
33.0,26000.0
35.0,32000.0
110.0,115000.0
75.0,45000.0
77.0,65000.0
100.0,85000.0
120.0,110000.0
60.0,41700.0
55.0,42500.0
120.0,72000.0
120.0,72222.0
40.0,47000.0
60.0,43000.0
87.0,87000.0
36.0,47000.0
45.0,47000.0
72.0,37000.0
60.0,65000.0
55.0,57500.0
63.0,59000.0
44.0,36000.0
65.0,49500.0
52.0,31500.0
42.0,34500.0
78.0,65000.0
58.0,40000.0
90.0,58000.0
65.0,55500.0
35.0,35000.0
140.0,105000.0
90.0,57000.0
50.0,41000.0
80.0,56000.0
68.0,45000.0
65.0,51000.0
37.0,19000.0
115.0,110000.0
118.0,115000.0
56.0,42000.0
53.0,74200.0
52.0,46000.0
107.0,80000.0
30.0,33000.0
58.0,56000.0
99.0,53700.0
30.0,29500.0
68.0,56000.0
51.0,32500.0
60.0,62000.0
22.0,21000.0
55.0,33500.0
196.0,170000.0
107.0,80000.0
43.0,54000.0
42.0,26000.0
47.0,28000.0
54.0,2864.0
42.0,25000.0
60.0,38500.0
78.0,55000.0
43.0,39000.0
64.0,42000.0
33.0,33000.0
78.0,60000.0
34.0,35500.0
78.0,53500.0
61.0,35000.0
78.0,50000.0
30.0,25000.0
45.0,24000.0
100.0,63000.0
72.0,53000.0
42.0,27000.0
72.0,65000.0
33.0,23700.0
33.0,23000.0
65.0,40000.0
33.0,33000.0
26.0,33000.0
83.0,77000.0
69.0,45000.0
31.0,24000.0
64.0,42000.0
70.0,52500.0
85.0,65000.0
120.0,160000.0
50.0,31500.0
110.0,59900.0
72.0,36500.0
49.0,31500.0
90.0,80000.0
57.0,40000.0
70.0,42967.0
42.0,27000.0
75.0,65000.0
70.0,68000.0
80.0,40500.0
90.0,55000.0
56.0,32000.0
42.0,33000.0
93.0,60000.0
72.0,40000.0
116.0,90000.0
39.0,27500.0
109.0,80000.0
60.0,46000.0
75.0,76000.0
40.0,19800.0
64.0,42000.0
47.0,58000.0
60.0,75000.0
45.0,52000.0
53.0,52000.0
54.0,38000.0
32.0,24000.0
55.0,31000.0
103.0,50000.0
62.0,33000.0
41.5,17871.0
42.0,25000.0
65.0,57000.0
100.0,50000.0
52.0,59000.0
28.0,23000.0
35.0,20500.0
45.09,30500.0
70.0,42000.0
65.0,50000.0
65.0,50000.0
37.0,29000.0
37.0,27500.0
60.0,52000.0
36.0,25700.0
55.0,24000.0
60.7,57000.0
100.0,50000.0
37.0,28500.0
18.0,13500.0
30.0,26500.0
38.17,35000.0
37.29,20000.0
71.0,62000.0
36.0,25500.0
42.0,28500.0
40.0,25500.0
58.0,36500.0
62.0,36500.0
50.0,34500.0
48.0,35500.0
48.0,35000.0
76.0,65000.0
80.0,56000.0
170.0,130000.0
217.0,217000.0
135.0,95000.0
18.0,12500.0
95.0,70000.0
71.0,42000.0
40.0,28000.0
130.0,110000.0
110.0,68000.0
80.0,52500.0
93.0,77000.0
50.0,33000.0
85.0,85000.0
75.0,51000.0
82.0,36000.0
105.0,150000.0
85.0,53000.0
64.0,42000.0
70.0,43500.0
79.0,67000.0
48.0,31000.0
63.0,56000.0
68.0,55000.0
42.0,62000.0
55.0,42000.0
50.0,38000.0
121.0,115000.0
235.0,140000.0
56.0,30000.0
39.0,27500.0
60.0,105000.0
58.0,57000.0
55.0,51998.0
65.0,51998.0
52.0,48000.0
63.0,42000.0
60.0,43000.0
57.0,35000.0
73.0,46000.0
102.0,96000.0
110.0,148000.0
112.0,165000.0
43.0,23900.0
63.0,45000.0
65.0,36000.0
77.0,56980.0
100.0,169000.0
64.0,40000.0
63.0,42000.0
56.0,48000.0
65.0,47500.0
100.0,119000.0
92.0,56000.0
85.0,75000.0
50.0,29500.0
70.0,69000.0
130.0,110000.0
60.0,38000.0
60.0,39000.0
60.0,39500.0
38.0,26000.0
68.0,55000.0
72.0,38000.0
60.7,57000.0
116.0,90000.0
109.0,80000.0
67.0,48000.0
93.0,80000.0
70.0,58500.0
40.0,36000.0
69.0,62000.0
72.0,55200.0
117.0,125000.0
72.0,51500.0
95.0,48000.0
52.0,45000.0
58.0,47000.0
68.0,48900.0
60.0,43000.0
50.0,42000.0
43.0,35000.0
100.0,79000.0
114.0,82000.0
45.0,27500.0
100.0,135000.0
55.0,41000.0
30.0,26000.0
78.0,55000.0
34.0,29000.0
30.0,23800.0
50.0,31500.0
30.0,26500.0
34.0,29000.0
52.0,36500.0
78.0,56000.0
80.0,51000.0
48.0,37000.0
50.0,33000.0
80.0,48000.0
51.0,42000.0
50.0,35500.0
63.0,39900.0
48.0,36000.0
46.0,36000.0
48.0,31000.0
64.0,35000.0
66.0,43000.0
46.0,29000.0
38.0,26700.0
80.0,125000.0
80.0,40000.0
45.0,34500.0
75.0,60700.0
70.0,49500.0
77.0,53500.0
59.0,41500.0
65.0,42000.0
70.0,43000.0
87.0,71000.0
107.0,75000.0
130.0,130000.0
59.0,41000.0
65.0,62000.0
75.0,48000.0
65.0,46900.0
65.0,61000.0
110.0,83500.0
68.0,38000.0
65.0,51000.0
48.0,41000.0
47.0,43000.0
48.0,34000.0
45.0,37000.0
42.0,30300.0
42.0,33500.0
38.0,32500.0
74.0,53000.0
92.0,50500.0
90.0,50000.0
90.0,60000.0
97.0,81500.0
63.0,60000.0
80.0,68000.0
75.0,55000.0
61.0,64000.0
68.0,53000.0
70.0,68000.0
92.0,79000.0
70.0,44000.0
75.0,48000.0
60.0,52500.0
75.0,76000.0
70.0,51000.0
55.0,58000.0
100.0,100000.0
55.0,58000.0
28.0,29000.0
48.0,32000.0
50.0,36000.0
121.0,99000.0
68.0,35900.0
46.0,47500.0
47.0,31500.0
62.0,33200.0
58.0,34000.0
42.0,24000.0
65.0,48000.0
92.0,88000.0
76.0,63000.0
70.0,72000.0
44.0,35500.0
120.0,135000.0
80.0,56000.0
39.0,26700.0
80.0,115000.0
92.0,95000.0
83.0,90000.0
64.0,42000.0
60.0,37000.0
50.0,30500.0
60.0,39500.0
60.0,36000.0
50.0,35500.0
42.0,25500.0
35.0,29000.0
36.0,23000.0
42.0,28500.0
60.0,35000.0
65.0,33000.0
100.0,56000.0
76.0,110000.0
67.0,46000.0
70.0,42000.0
135.0,167000.0
84.0,62000.0
79.0,50000.0
40.0,33000.0
80.0,125000.0
60.0,39000.0
80.0,40000.0
50.0,36000.0
50.0,38000.0
68.0,43500.0
70.0,48000.0
32.0,24700.0
75.0,60700.0
72.0,47500.0
78.0,68000.0
42.0,38500.0
70.0,44000.0
70.0,40000.0
110.0,78000.0
146.0,67000.0
49.0,58500.0
111.0,67000.0
84.0,57000.0
84.0,53500.0
58.0,42000.0
68.0,45000.0
42.0,25990.0
68.0,50000.0
60.0,55000.0
37.0,26000.0
65.0,44000.0
60.0,44800.0
47.0,35500.0
45.0,41000.0
130.0,77000.0
45.0,30500.0
100.0,88000.0
80.0,72000.0
45.0,25000.0
98.0,97000.0
128.0,140000.0
70.0,45000.0
78.0,48000.0
70.0,50000.0
42.0,32500.0
42.0,28000.0
62.0,36000.0
58.0,42000.0
60.0,50000.0
75.0,75000.0
42.0,28000.0
39.0,27200.0
50.0,43000.0
73.0,57000.0
52.0,28000.0
60.0,36000.0
84.0,48000.0
100.0,70000.0
64.0,42000.0
147.0,132000.0
95.0,60000.0
40.0,30000.0
68.0,55000.0
70.0,72000.0
42.0,29800.0
42.0,28500.0
70.0,68000.0
47.0,33000.0
48.0,40500.0
45.0,38500.0
43.0,35000.0
47.0,38000.0
65.0,45500.0
75.0,39500.0
35.0,36500.0
47.0,29500.0
75.0,41500.0
98.0,80000.0
64.0,43500.0
70.0,45000.0
45.0,38000.0
98.0,45000.0
28.52,30000.0
42.0,29200.0
200.0,125000.0
75.0,41500.0
120.0,84000.0
29.0,15682.0
21.0,11500.0
75.0,43000.0
94.0,67000.0
51.0,37002.0
90.0,61000.0
100.0,75000.0
90.0,69999.0
100.0,127000.0
50.0,42000.0
70.0,41500.0
50.0,32000.0
38.0,26500.0
60.0,45000.0
60.0,47000.0
76.0,71000.0
75.0,60000.0
145.0,142000.0
56.0,41000.0
42.0,36500.0
39.0,24500.0
50.0,45000.0
120.0,75000.0
50.0,32000.0
63.0,66000.0
80.0,48000.0
42.0,25000.0
95.0,78000.0
48.0,69000.0
83.0,63000.0
100.0,71000.0
75.0,66000.0
105.0,60000.0
52.0,35000.0
1.0,35000.0
90.0,55000.0
100.0,52000.0
100.0,68000.0
41.0,32000.0
104.0,94000.0
103.0,48000.0
31.0,40000.0
92.0,62000.0
52.0,53000.0
78.0,61000.0
135.0,85000.0
53.0,70000.0
75.0,85000.0
38.0,27000.0
83.0,80000.0
100.0,110000.0
67.0,34500.0
68.0,46500.0
70.0,40500.0
56.0,36500.0
50.0,33000.0
50.0,35000.0
54.0,36500.0
60.0,39000.0
50.0,36500.0
36.0,25000.0
45.0,28500.0
42.0,27500.0
36.0,24500.0
120.0,66000.0
118.0,90000.0
96.0,48000.0
175.0,145000.0
73.0,42000.0
35.0,28000.0
92.0,89000.0
80.0,56000.0
77.0,59000.0
60.0,41500.0
56.0,31080.0
109.0,80000.0
110.0,70000.0
38.0,26700.0
116.0,90000.0
90.0,57000.0
112.0,48000.0
80.0,80000.0
48.0,37000.0
45.0,35200.0
46.0,33500.0
83.18,55000.0
56.0,30000.0
56.8,32000.0
60.0,46000.0
64.0,43500.0
73.0,57000.0
100.0,88000.0
52.0,28000.0
40.0,30000.0
47.0,33000.0
47.0,29500.0
45.0,38500.0
136.0,85000.0
128.0,140000.0
98.0,97000.0
78.0,48000.0
90.0,68000.0
70.0,50000.0
42.0,28000.0
40.0,42000.0
72.0,47500.0
78.0,68000.0
72.0,51500.0
111.0,67000.0
84.0,55000.0
42.0,25500.0
47.0,41500.0
65.0,42000.0
47.0,35500.0
68.0,50000.0
45.0,41000.0
68.0,45000.0
49.0,58500.0
72.0,36500.0
80.0,72000.0
110.0,78000.0
72.0,55200.0
50.0,43000.0
58.0,41000.0
105.0,130000.0
72.0,48000.0
56.0,34500.0
100.0,70000.0
78.0,50000.0
68.0,34500.0
70.0,46000.0
43.0,26500.0
36.0,24700.0
50.0,35000.0
50.0,34500.0
50.0,36000.0
60.0,37500.0
60.0,39500.0
50.0,33500.0
56.0,32000.0
42.0,41498.0
55.0,35000.0
30.0,26500.0
78.0,55000.0
37.0,28000.0
70.0,51000.0
35.0,37000.0
60.0,39000.0
35.0,28000.0
45.0,31000.0
95.0,72000.0
40.0,31000.0
80.0,40000.0
96.0,68000.0
30.0,32000.0
37.0,28000.0
70.0,51000.0
35.0,37000.0
60.0,39000.0
35.0,28000.0
45.0,31000.0
95.0,72000.0
40.0,31000.0
80.0,40000.0
96.0,68000.0
30.0,32000.0
90.0,105000.0
95.0,50000.0
88.0,45500.0
80.0,56000.0
43.0,37500.0
58.0,47700.0
73.0,68000.0
56.0,47000.0
80.0,27500.0
185.0,168000.0
70.0,60000.0
39.0,26700.0
100.0,80000.0
70.0,61900.0
80.0,56000.0
140.0,126000.0
43.0,62000.0
33.0,23000.0
106.0,74000.0
84.0,85000.0
57.0,54000.0
62.0,55000.0
70.0,62000.0
65.0,34200.0
120.0,95000.0
120.0,135000.0
58.0,48000.0
82.0,59000.0
43.0,29500.0
75.0,65000.0
59.0,36000.0
35.0,28000.0
77.6,65000.0
90.0,90000.0
109.0,80000.0
80.0,45000.0
80.0,75000.0
50.0,38500.0
100.0,82000.0
68.0,36200.0
78.0,50000.0
105.0,60000.0
59.31,40000.0
50.0,43000.0
100.0,125000.0
110.0,60000.0
50.0,42500.0
90.0,90000.0
39.0,24000.0
57.0,28500.0
140.0,98000.0
56.14,40000.0
83.0,77000.0
86.0,90000.0
84.0,80000.0
27.0,22500.0
63.0,42000.0
75.0,80000.0
45.0,36000.0
40.0,35000.0
73.0,82000.0
75.0,110000.0
80.0,120000.0
50.0,39000.0
95.0,67000.0
100.0,110000.0
75.0,73000.0
65.0,78000.0
55.0,43000.0
72.0,45000.0
58.8,28000.0
63.0,89000.0
65.0,56500.0
93.0,65000.0
120.0,135000.0
38.0,26700.0
42.0,42900.0
62.0,40000.0
49.0,30000.0
56.2,29500.0
46.0,26500.0
157.0,201493.0
55.0,54000.0
34.0,18000.0
62.0,62000.0
70.0,45000.0
26.0,30000.0
115.0,115000.0
75.0,71000.0
78.0,60000.0
81.0,55000.0
92.0,60000.0
75.0,39500.0
53.0,51000.0
97.0,60000.0
80.0,41000.0
48.0,34500.0
65.0,32500.0
58.0,39500.0
68.0,34500.0
65.0,54000.0
70.0,46000.0
26.0,28000.0
65.0,41000.0
56.0,33000.0
56.0,39500.0
50.0,35500.0
68.0,38000.0
30.0,26000.0
36.0,29500.0
42.0,25500.0
46.0,29500.0
70.0,42000.0
75.8,58000.0
34.0,27000.0
30.0,25200.0
38.0,26700.0
50.0,38000.0
32.0,26000.0
62.0,55000.0
70.0,48000.0
72.0,47500.0
55.0,35000.0
30.0,26000.0
60.0,33500.0
32.0,25000.0
30.0,22000.0
30.0,22500.0
45.0,35000.0
40.0,28000.0
43.0,30500.0
75.0,73000.0
50.0,60000.0
51.0,27000.0
68.0,40000.0
90.0,77000.0
100.0,43000.0
27.0,28500.0
98.0,41000.0
39.0,26000.0
48.0,27000.0
42.0,41200.0
48.0,40000.0
48.0,34000.0
36.0,21000.0
50.0,29000.0
35.0,26500.0
120.0,85000.0
38.0,26700.0
43.0,62000.0
225.0,215000.0
70.0,59000.0
61.0,42000.0
51.0,33000.0
75.0,51000.0
140.0,110000.0
60.0,60000.0
84.0,73000.0
46.0,27000.0
77.0,80000.0
120.0,108000.0
78.0,52991.0
60.0,35000.0
78.0,63000.0
120.0,135000.0
53.0,43500.0
75.0,63000.0
33.0,24000.0
107.0,87000.0
100.0,95000.0
95.0,140000.0
90.0,73000.0
110.0,50000.0
16.7,27000.0
72.0,52000.0
75.0,57500.0
105.0,150000.0
70.0,65000.0
58.0,28000.0
70.0,57000.0
47.0,30000.0
74.0,63000.0
70.0,37500.0
51.0,34800.0
68.0,45000.0
50.0,36500.0
117.0,84000.0
80.0,53000.0
65.0,57000.0
120.0,108000.0
89.0,51000.0
66.4,55000.0
183.0,90000.0
44.0,27000.0
55.0,41000.0
30.0,27000.0
110.0,55000.0
100.0,73000.0
55.0,33000.0
70.0,57000.0
58.0,34500.0
65.0,63000.0
68.0,37500.0
70.0,82000.0
84.0,33600.0
113.0,56900.0
87.0,34800.0
137.0,89050.0
79.0,55000.0
90.0,90000.0
75.0,63000.0
215.0,161000.0
60.0,32000.0
72.0,41000.0
35.0,24500.0
66.0,41500.0
67.0,57000.0
110.0,68000.0
75.0,41500.0
100.0,87000.0
75.0,39500.0
80.0,47500.0
94.0,67000.0
74.0,41500.0
85.0,110000.0
65.0,42000.0
75.0,41500.0
35.0,27000.0
75.0,39500.0
75.41,35000.0
40.0,30500.0
72.0,55000.0
88.0,47500.0
28.0,25500.0
28.0,29500.0
55.0,41000.0
80.0,44000.0
160.0,130000.0
49.0,25000.0
62.0,53000.0
20.0,12800.0
60.0,70000.0
130.0,110000.0
80.0,70000.0
78.0,56000.0
109.0,80000.0
78.0,40500.0
48.0,39000.0
30.5,21500.0
72.0,97500.0
85.0,52000.0
56.89,48000.0
35.0,28800.0
45.0,24200.0
128.0,89000.0
32.0,28500.0
50.0,31000.0
93.0,77000.0
79.0,67000.0
78.0,48000.0
100.0,75000.0
125.0,118000.0
138.0,84000.0
65.0,59500.0
88.0,100000.0
80.0,90000.0
182.0,160000.0
78.0,52500.0
86.0,48000.0
53.0,31500.0
72.0,52000.0
50.0,34000.0
84.0,79000.0
40.0,33800.0
45.0,50000.0
84.0,70000.0
70.0,46000.0
67.0,52000.0
38.0,23000.0
31.0,23000.0
41.0,22600.0
94.0,47000.0
57.0,36000.0
76.12,50000.0
78.0,47000.0
80.0,53000.0
85.0,85000.0
23.7,18000.0
96.0,53000.0
40.0,20000.0
94.0,69999.0
61.0,33500.0
55.0,33500.0
69.0,33000.0
64.0,53500.0
72.0,42000.0
63.0,32000.0
140.0,70000.0
190.0,72000.0
45.0,41000.0
63.0,32000.0
55.0,32000.0
78.0,55000.0
105.0,170000.0
100.0,87000.0
70.0,46000.0
105.0,63000.0
60.0,31500.0
110.0,120000.0
60.0,45000.0
60.0,47000.0
103.0,145000.0
80.0,82000.0
62.0,57000.0
30.0,27500.0
30.0,27500.0
100.0,65000.0
107.0,105000.0
103.0,90000.0
65.0,54000.0
75.0,53000.0
72.0,60000.0
90.0,105000.0
100.0,110000.0
58.0,32000.0
70.0,41500.0
95.0,118000.0
27.0,18600.0
47.0,43000.0
78.0,66000.0
60.0,39500.0
60.0,35000.0
58.0,35500.0
50.0,34500.0
60.0,38000.0
36.0,27500.0
45.0,29500.0
36.0,25500.0
36.0,25500.0
30.0,23500.0
62.0,53000.0
74.0,34000.0
65.0,48500.0
65.0,47000.0
50.0,38700.0
44.0,27000.0
41.0,23000.0
116.0,88000.0
41.0,36500.0
43.0,62000.0
47.0,26000.0
80.0,66500.0
57.0,35000.0
50.0,34500.0
89.8,31500.0
58.6,20500.0
65.0,36500.0
70.0,60000.0
33.0,25000.0
92.0,61000.0
95.0,61000.0
65.0,56500.0
54.0,28423.0
53.0,37000.0
112.0,60000.0
57.0,46000.0
103.0,70000.0
80.0,100000.0
84.0,70000.0
100.0,60000.0
55.0,57000.0
55.0,65000.0
74.0,61000.0
78.0,72000.0
43.0,36500.0
28.0,29000.0
70.0,46000.0
37.0,24500.0
42.0,26500.0
84.0,95000.0
37.0,28000.0
72.0,46000.0
33.0,19000.0
42.0,33500.0
100.0,48000.0
35.0,24500.0
46.0,28000.0
60.0,30500.0
62.0,35000.0
60.0,45000.0
52.0,41000.0
70.0,75000.0
60.0,60000.0
52.0,65000.0
42.0,26500.0
42.0,52000.0
15.0,12000.0
103.0,90000.0
42.0,31500.0
58.0,32000.0
55.0,36000.0
107.0,105000.0
95.0,59900.0
35.0,27000.0
28.0,24000.0
55.0,34500.0
18.0,10500.0
55.0,32500.0
55.0,36000.0
75.0,77000.0
41.0,26000.0
72.0,45500.0
110.0,110000.0
115.0,83000.0
110.0,85000.0
86.0,80000.0
44.0,34000.0
40.0,26000.0
94.0,37000.0
40.0,26000.0
94.0,37000.0
40.0,22500.0
82.0,43160.0
50.0,24000.0
56.0,38000.0
80.0,58000.0
58.0,31500.0
82.0,85000.0
75.0,47000.0
104.0,94000.0
50.0,29500.0
65.0,30000.0
105.0,160000.0
70.0,42000.0
60.0,35000.0
50.0,33500.0
50.0,34500.0
65.0,38500.0
50.0,37000.0
40.0,25500.0
32.0,27000.0
65.0,38800.0
180.0,110000.0
90.0,55000.0
69.0,52000.0
72.0,39000.0
81.0,41500.0
30.0,29300.0
30.0,25900.0
59.0,32000.0
65.0,43500.0
72.0,57000.0
55.0,55000.0
75.0,80000.0
65.0,40000.0
100.0,130000.0
45.0,40000.0
96.0,110000.0
72.0,40000.0
65.0,88000.0
102.0,55000.0
70.0,45000.0
38.0,22500.0
72.0,42000.0
92.0,41500.0
52.0,34900.0
100.0,70000.0
84.0,56000.0
65.0,38500.0
100.0,78000.0
55.0,26900.0
76.0,33000.0
135.0,165000.0
147.0,132000.0
70.0,43500.0
58.0,45000.0
96.0,66000.0
72.0,48000.0
107.0,98000.0
115.0,105000.0
63.0,45000.0
135.0,70500.0
72.0,60000.0
72.0,40000.0
79.0,45000.0
100.0,125000.0
115.0,75000.0
200.0,65000.0
76.87,80000.0
108.0,105000.0
90.0,90000.0
140.0,110000.0
56.0,39000.0
42.0,31500.0
57.0,46900.0
54.0,31500.0
75.0,51000.0
65.0,45000.0
98.0,92000.0
58.0,34000.0
70.0,70500.0
56.0,50000.0
100.0,142000.0
170.0,170000.0
75.0,67000.0
30.0,25000.0
62.0,57500.0
97.0,58000.0
60.0,49000.0
82.0,85000.0
47.0,26000.0
80.0,52000.0
58.0,35000.0
70.0,48000.0
62.0,60000.0
46.0,23000.0
38.0,19000.0
45.0,22500.0
69.0,34500.0
43.0,21500.0
87.0,34800.0
80.0,85000.0
45.0,39000.0
50.0,23500.0
62.0,33500.0
82.0,85000.0
92.0,63000.0
50.0,31000.0
103.0,105000.0
70.0,40000.0
70.0,46000.0
75.0,90000.0
42.0,43000.0
70.0,44000.0
60.0,52500.0
70.06,50000.0
44.0,29500.0
63.0,69000.0
72.0,53000.0
72.0,45000.0
62.0,38000.0
48.0,27000.0
42.0,31000.0
70.0,54000.0
48.0,34000.0
33.0,28000.0
50.0,30000.0
30.0,28200.0
73.0,65000.0
90.0,118000.0
131.0,150000.0
70.0,51000.0
100.0,54500.0
76.0,47500.0
45.0,30000.0
38.0,28900.0
27.0,32000.0
117.0,95000.0
78.0,65000.0
50.0,36500.0
60.0,34500.0
40.0,27500.0
54.0,32000.0
65.0,38500.0
48.0,38000.0
58.0,26000.0
75.0,51500.0
32.0,27700.0
72.0,60000.0
46.0,31000.0
78.0,58000.0
80.0,55500.0
108.0,70000.0
135.0,148000.0
98.0,58000.0
47.0,33000.0
80.0,53000.0
72.0,50000.0
52.0,27000.0
98.0,84000.0
92.0,59500.0
72.0,40000.0
80.0,47000.0
70.0,44000.0
70.0,44000.0
50.0,35000.0
52.0,38900.0
67.0,51000.0
84.0,49000.0
60.0,45000.0
33.0,24500.0
120.0,110000.0
61.0,37000.0
50.0,52500.0
70.0,47500.0
70.0,41500.0
68.0,57500.0
65.0,43000.0
42.0,41500.0
110.0,78000.0
68.0,50000.0
45.0,32000.0
68.0,55000.0
65.0,48000.0
43.0,32000.0
54.0,45500.0
52.0,56500.0
63.0,46500.0
135.0,105000.0
90.0,46000.0
90.0,58000.0
92.0,47500.0
80.0,66000.0
72.0,48000.0
71.0,67000.0
76.0,49000.0
45.0,36500.0
137.0,94000.0
100.0,68000.0
100.0,87000.0
57.0,35000.0
52.0,52500.0
58.0,41000.0
42.0,53000.0
28.0,43000.0
90.0,84000.0
64.0,46000.0
66.0,73500.0
55.0,43000.0
40.0,35000.0
47.0,32000.0
53.0,31500.0
52.0,35000.0
45.0,35000.0
50.0,37000.0
43.0,37000.0
46.0,33000.0
48.0,38000.0
50.0,40000.0
45.0,42500.0
80.0,65000.0
100.0,57000.0
80.0,51500.0
96.0,57500.0
90.0,53000.0
94.0,119000.0
80.0,45000.0
68.0,57000.0
68.0,44000.0
110.0,78500.0
65.0,53000.0
33.0,23500.0
40.0,22500.0
56.0,34000.0
42.0,31000.0
52.0,39000.0
52.0,41000.0
47.0,36000.0
40.0,35000.0
65.0,57200.0
69.0,44000.0
60.0,70000.0
65.0,49500.0
32.0,27500.0
70.0,51500.0
46.0,34500.0
67.0,44000.0
58.0,47000.0
65.0,46000.0
30.0,26500.0
45.0,31500.0
58.0,35000.0
62.0,57000.0
58.0,36000.0
74.0,53000.0
98.0,53000.0
90.0,95000.0
73.0,66200.0
206.0,190000.0
58.0,40500.0
66.0,67000.0
63.0,40300.0
65.0,41000.0
42.0,35000.0
20.0,14500.0
70.0,46500.0
70.0,40000.0
63.0,40000.0
120.0,93500.0
64.0,56500.0
43.0,39800.0
33.0,23500.0
28.0,25500.0
40.0,30000.0
85.0,68000.0
68.0,56000.0
60.0,48000.0
62.0,40000.0
69.0,59000.0
90.0,52500.0
55.0,43500.0
70.0,41000.0
38.0,31500.0
100.0,54000.0
92.0,65000.0
80.0,45000.0
121.0,116001.0
38.0,25000.0
63.0,45000.0
66.0,49000.0
56.0,40000.0
70.0,61000.0
60.0,34000.0
73.0,38200.0
65.0,44500.0
54.0,38000.0
105.0,85000.0
128.0,85000.0
102.0,78500.0
76.0,60500.0
30.0,27000.0
34.0,27000.0
42.0,34500.0
100.0,54000.0
26.0,22500.0
50.0,53000.0
80.0,45500.0
80.0,52500.0
63.0,37000.0
80.0,66500.0
96.0,67000.0
72.0,41500.0
80.0,68000.0
76.0,55500.0
70.0,39000.0
45.0,48000.0
100.0,61500.0
25.0,22000.0
60.0,59000.0
62.0,48000.0
60.0,47000.0
72.0,36000.0
80.0,51500.0
91.0,42200.0
80.0,75000.0
46.0,25000.0
56.0,48000.0
45.0,45000.0
105.0,58000.0
72.0,44000.0
90.0,51000.0
59.0,51000.0
58.0,36000.0
68.0,47000.0
82.0,35000.0
45.0,34000.0
70.0,51000.0
90.0,58400.0
101.0,119000.0
65.0,68000.0
40.0,40000.0
68.0,50000.0
42.0,37000.0
63.0,63000.0
55.0,39800.0
48.0,29500.0
107.0,68000.0
106.0,68000.0
74.0,50000.0
48.0,41500.0
140.0,81500.0
100.0,55000.0
65.0,44000.0
56.0,54000.0
53.0,36000.0
100.0,72500.0
98.0,68000.0
96.0,63000.0
93.0,63500.0
60.0,49500.0
82.0,72000.0
120.0,52000.0
80.0,59500.0
25.0,24000.0
72.0,45000.0
94.0,45000.0
65.0,47500.0
43.0,26900.0
78.0,47300.0
185.0,168000.0
85.0,52500.0
72.0,55500.0
130.0,95000.0
76.0,68000.0
80.0,54000.0
48.0,31000.0
66.0,47000.0
46.0,37000.0
42.0,26000.0
110.0,91000.0
110.0,105000.0
70.0,39500.0
68.0,53500.0
60.0,47000.0
58.0,39000.0
110.0,85000.0
90.0,72000.0
80.0,45000.0
30.0,25000.0
72.0,40000.0
71.0,41000.0
51.0,33500.0
90.0,90000.0
48.0,65000.0
63.0,43500.0
64.0,45000.0
72.0,94000.0
80.0,110000.0
52.0,44500.0
47.0,23000.0
121.0,120000.0
80.0,105000.0
150.0,140000.0
70.0,41500.0
70.0,41500.0
80.0,60000.0
37.0,41000.0
95.0,83000.0
56.0,40500.0
68.0,40000.0
45.0,35000.0
68.0,48500.0
80.0,52500.0
46.0,38000.0
148.0,136000.0
115.0,157550.0
72.0,46000.0
94.0,128780.0
58.0,36000.0
90.0,53000.0
176.0,167200.0
115.0,93000.0
92.0,54000.0
46.0,29500.0
131.0,128000.0
53.0,39500.0
65.0,76000.0
38.0,21000.0
79.0,53000.0
46.0,30500.0
133.0,79000.0
80.0,50000.0
62.0,29900.0
32.0,27500.0
42.0,32000.0
30.0,21000.0
52.0,35000.0
62.0,35000.0
51.0,30000.0
72.0,42108.0
50.0,31000.0
60.0,30500.0
48.0,28000.0
42.0,33500.0
100.0,90000.0
48.0,34000.0
88.0,49000.0
120.0,135000.0
50.0,35500.0
55.0,35000.0
100.0,48000.0
33.0,25000.0
78.0,85000.0
42.0,28500.0
50.0,26500.0
68.37,56000.0
92.0,61000.0
63.0,45000.0
58.0,35000.0
70.0,60000.0
56.0,34500.0
50.0,37500.0
43.0,52000.0
53.0,48000.0
72.0,78000.0
105.0,135000.0
42.0,35000.0
49.0,36000.0
61.91,50027.0
53.1,34326.0
39.9,21823.0
50.3,27511.0
41.4,22379.0
52.5,42423.0
104.1,84119.0
76.0,61413.0
26.4,14439.0
50.0,31000.0
54.0,34075.0
78.0,43000.0
46.0,40000.0
54.0,39500.0
33.0,34000.0
62.0,52500.0
78.0,53500.0
55.0,36500.0
72.0,42400.0
80.0,55000.0
100.0,87000.0
110.0,115000.0
43.0,36000.0
50.0,32000.0
94.0,60132.0
49.0,35000.0
91.0,85000.0
72.0,43000.0
30.0,26500.0
36.0,25500.0
110.0,84000.0
90.0,65000.0
72.0,40000.0
70.0,50000.0
48.0,31000.0
86.0,66000.0
72.0,48000.0
90.0,48000.0
84.0,53500.0
58.0,33500.0
54.0,43000.0
65.0,42500.0
63.0,66000.0
32.0,23000.0
39.0,26000.0
51.0,60000.0
145.0,142000.0
80.0,48000.0
95.0,78000.0
48.0,69000.0
75.0,66000.0
85.0,45000.0
52.0,35000.0
62.0,53000.0
100.0,52000.0
50.0,28500.0
43.0,22000.0
70.0,55000.0
70.0,65000.0
240.0,96000.0
240.0,96000.0
110.0,105000.0
114.0,77995.0
70.0,52000.0
97.0,53972.0
165.0,140000.0
70.0,47000.0
50.0,42000.0
46.0,30500.0
24.0,15500.0
33.0,24000.0
58.0,31500.0
135.0,85000.0
40.52,23000.0
185.0,135000.0
48.0,32000.0
65.0,38000.0
102.0,75000.0
123.0,89000.0
140.0,98000.0
96.0,68000.0
60.0,27000.0
140.0,120000.0
120.0,175000.0
100.0,45000.0
70.0,70000.0
75.0,70000.0
55.0,62000.0
135.0,88000.0
73.0,79000.0
172.0,150000.0
192.0,155000.0
58.0,52000.0
75.0,87000.0
160.0,175000.0
115.0,93000.0
130.0,120000.0
115.0,65000.0
100.0,105000.0
115.0,98000.0
110.0,93000.0
120.0,125000.0
88.0,95000.0
210.0,140000.0
225.0,130000.0
83.0,41500.0
75.0,34000.0
60.0,32500.0
65.0,50996.0
54.0,63000.0
112.0,68000.0
95.0,64000.0
65.0,35999.0
52.0,26500.0
49.5,24749.0
115.0,65000.0
130.0,75000.0
65.0,80000.0
48.0,24000.0
31.3,16000.0
46.3,23000.0
57.0,43000.0
72.0,68000.0
60.5,30000.0
24.0,13680.0
34.0,19380.0
65.0,57000.0
188.0,70000.0
37.6,28000.0
75.0,60000.0
36.0,21989.0
26.0,18500.0
90.0,57000.0
119.0,95000.0
42.0,35000.0
42.0,37000.0
58.0,39500.0
70.0,20000.0
100.0,70000.0
50.0,31000.0
50.0,33000.0
86.0,68000.0
66.0,39500.0
64.75,48000.0
72.0,35500.0
94.0,125000.0
59.0,33500.0
48.0,40000.0
48.0,32000.0
99.5,50000.0
90.0,57000.0
100.0,128000.0
72.0,52000.0
82.0,63000.0
96.0,62000.0
52.0,35000.0
76.0,51500.0
80.0,75000.0
47.0,41000.0
30.0,24000.0
70.0,47000.0
78.0,55000.0
95.0,95000.0
96.0,85000.0
58.0,29500.0
105.0,42000.0
42.0,25000.0
50.0,34000.0
50.0,35500.0
42.0,26500.0
38.0,24500.0
45.0,24000.0
54.0,31500.0
96.0,34500.0
92.0,115000.0
65.0,47500.0
90.0,82000.0
107.0,58000.0
54.15,34000.0
93.0,82000.0
65.0,41000.0
48.0,34500.0
43.0,37000.0
130.0,88000.0
50.0,38000.0
32.0,30500.0
80.0,60000.0
60.89,41000.0
60.0,58499.0
84.0,90000.0
70.0,63000.0
110.0,154998.0
96.0,60000.0
60.0,75000.0
42.0,47000.0
50.0,45000.0
42.0,43000.0
55.0,43000.0
53.0,45000.0
65.0,60000.0
72.0,50000.0
70.0,60000.0
96.0,80000.0
70.0,60000.0
96.0,80000.0
63.0,73000.0
74.0,62000.0
70.0,55000.0
110.0,61998.0
65.0,54998.0
110.0,72999.0
58.0,47500.0
72.0,42000.0
75.0,75000.0
34.0,36500.0
80.0,90000.0
65.0,60000.0
73.0,53000.0
115.0,105000.0
73.0,51000.0
94.0,72500.0
73.0,60000.0
73.0,53000.0
160.0,160000.0
65.0,55000.0
115.0,82000.0
100.0,85000.0
78.0,50000.0
38.0,18000.0
100.0,88000.0
100.0,115000.0
160.0,195000.0
38.0,60000.0
70.0,47000.0
72.0,56000.0
130.0,130000.0
30.0,26500.0
105.0,145000.0
144.0,185000.0
57.0,37000.0
100.0,85000.0
92.0,40500.0
68.0,44000.0
56.0,32500.0
82.0,70000.0
63.0,43000.0
65.0,90000.0
51.0,26500.0
45.0,30000.0
130.0,129999.0
58.0,44000.0
70.0,43000.0
93.0,55000.0
91.0,85000.0
76.0,39500.0
54.0,40000.0
68.0,34000.0
75.0,80000.0
75.0,90000.0
70.0,37500.0
50.0,37500.0
50.0,34500.0
50.0,34000.0
50.0,30500.0
50.0,36500.0
40.0,29500.0
32.0,24500.0
32.0,28500.0
32.0,24500.0
33.0,26000.0
39.38,27950.0
80.0,59000.0
73.0,35192.0
30.0,29400.0
70.0,48000.0
55.0,33500.0
54.0,50000.0
100.0,53000.0
44.0,33000.0
110.0,85000.0
50.0,30500.0
60.0,36000.0
40.0,26000.0
80.0,140000.0
115.0,98000.0
92.0,50000.0
115.0,68000.0
78.0,75000.0
91.0,72000.0
70.0,37000.0
67.0,52500.0
30.0,29500.0
50.0,37500.0
52.0,43000.0
100.0,48000.0
61.0,34000.0
77.0,45000.0
30.0,27000.0
30.0,25500.0
30.0,25200.0
30.0,22700.0
71.0,47000.0
55.0,40000.0
68.41,56000.0
65.0,90000.0
48.0,57000.0
20.0,17500.0
75.0,85000.0
68.0,33000.0
44.0,35000.0
93.6,92500.0
121.0,115000.0
60.0,63000.0
109.0,80000.0
80.0,51000.0
92.0,44000.0
67.0,42000.0
68.0,46000.0
43.0,33500.0
52.0,36200.0
63.0,43000.0
54.0,31000.0
96.0,73000.0
80.0,47000.0
76.0,120000.0
70.0,47000.0
135.0,88000.0
54.0,52000.0
120.0,120000.0
86.0,68500.0
78.0,56000.0
72.0,58000.0
47.0,32000.0
98.0,66000.0
58.0,40500.0
60.0,33500.0
60.0,35500.0
50.0,33500.0
50.0,34000.0
36.0,26500.0
36.0,26500.0
32.0,25500.0
65.0,43000.0
70.0,40000.0
46.0,38500.0
50.0,32000.0
50.0,43500.0
65.0,52000.0
70.0,68000.0
46.0,35000.0
34.0,30500.0
56.0,37000.0
46.0,28500.0
46.0,37000.0
71.0,43000.0
54.0,50000.0
135.0,88000.0
47.0,35000.0
100.0,95000.0
104.0,63000.0
42.0,31000.0
62.0,37000.0
65.0,35000.0
50.0,33000.0
116.0,75000.0
92.0,120000.0
100.0,73000.0
58.0,46000.0
65.0,53000.0
56.0,41000.0
34.0,29000.0
49.0,37000.0
52.0,36500.0
50.0,34000.0
59.0,36000.0
64.0,25000.0
67.0,48000.0
80.0,74000.0
116.0,120000.0
110.0,70000.0
27.0,23000.0
90.0,85000.0
50.0,30500.0
80.0,49500.0
60.0,39000.0
71.0,68000.0
49.0,37000.0
80.0,45000.0
67.0,34900.0
95.0,46000.0
66.0,56000.0
30.0,27000.0
33.0,23000.0
55.0,47300.0
46.0,34000.0
48.0,40000.0
87.0,40500.0
54.0,43000.0
65.0,42800.0
72.0,58500.0
110.0,160000.0
42.0,32500.0
68.0,48500.0
68.0,58500.0
75.0,39500.0
38.0,23000.0
66.0,53000.0
72.0,43000.0
60.0,33500.0
62.0,39000.0
70.0,47000.0
84.0,48000.0
52.0,35000.0
30.0,25500.0
78.0,55500.0
150.0,100000.0
76.0,69000.0
74.0,52500.0
44.0,31000.0
70.0,44000.0
58.0,33000.0
80.0,53000.0
76.0,69000.0
90.0,60000.0
80.0,47500.0
42.0,40000.0
112.0,118000.0
70.0,36500.0
135.0,82000.0
52.0,36000.0
80.0,65000.0
90.0,53000.0
60.0,37500.0
52.0,37000.0
110.0,52000.0
96.0,67000.0
50.0,31000.0
92.0,52000.0
105.0,128000.0
68.0,35000.0
75.0,50000.0
67.0,40000.0
118.0,95000.0
85.0,74000.0
55.0,48000.0
70.0,69000.0
80.0,57500.0
105.0,87000.0
43.0,25000.0
211.0,190000.0
65.0,41000.0
50.0,36500.0
50.0,33500.0
45.0,37000.0
50.0,30500.0
42.0,26500.0
40.0,25500.0
42.0,25000.0
80.0,103000.0
65.0,52500.0
72.0,57000.0
70.0,37500.0
18.0,10500.0
117.0,136000.0
41.0,26000.0
110.0,69000.0
52.0,32300.0
66.0,40000.0
110.0,70500.0
95.0,50000.0
191.0,150000.0
26.0,19000.0
74.07,44000.0
24.0,15500.0
45.0,27000.0
105.0,85000.0
70.0,47000.0
50.0,33000.0
80.0,44000.0
48.0,42000.0
58.0,43000.0
60.0,45000.0
38.0,21000.0
63.0,65000.0
49.0,36000.0
100.0,57000.0
110.0,165000.0
22.0,27000.0
120.0,125000.0
157.0,105000.0
47.0,34000.0
48.0,42000.0
97.0,95000.0
92.0,53000.0
60.0,45000.0
34.0,29000.0
116.0,87000.0
48.0,41000.0
50.0,35000.0
48.0,28000.0
46.0,47000.0
70.0,51000.0
70.0,42500.0
85.0,58000.0
82.0,75000.0
56.0,37000.0
85.0,53000.0
59.0,24000.0
58.0,28000.0
48.0,37000.0
43.0,34000.0
70.0,38500.0
130.0,95000.0
88.0,78000.0
68.0,68000.0
48.0,27394.0
96.0,96000.0
48.0,26829.0
55.0,40500.0
48.0,18385.0
60.0,36000.0
61.0,120000.0
30.0,26500.0
64.0,39500.0
30.0,26000.0
80.0,60000.0
68.0,43000.0
68.0,40000.0
76.0,63000.0
67.0,51000.0
65.0,43000.0
56.0,39500.0
60.0,46000.0
63.0,41000.0
68.0,35500.0
26.0,26100.0
50.0,34500.0
50.0,35500.0
42.0,27000.0
36.0,25500.0
40.0,24500.0
58.0,33000.0
63.0,48500.0
75.0,51000.0
97.0,82500.0
62.0,42000.0
90.0,122000.0
70.0,39500.0
42.0,31500.0
75.0,75000.0
70.0,68000.0
85.0,61001.0
93.0,73500.0
124.0,90000.0
98.0,45000.0
72.0,69000.0
70.0,47000.0
40.0,36000.0
38.0,28500.0
30.0,23000.0
80.0,43000.0
163.0,95000.0
68.0,37000.0
100.0,105000.0
70.0,38000.0
60.0,42000.0
75.0,49000.0
47.0,30500.0
78.0,65000.0
35.0,24500.0
120.0,175000.0
72.0,66000.0
61.0,42000.0
120.0,76000.0
94.0,65000.0
63.0,48000.0
86.0,42000.0
70.0,44000.0
70.0,47500.0
72.0,43000.0
70.0,52500.0
44.0,33000.0
80.0,70000.0
80.0,50000.0
110.0,63000.0
90.0,51000.0
100.0,60000.0
70.0,85000.0
82.0,82000.0
44.0,29000.0
82.0,46500.0
65.0,37500.0
100.0,84000.0
60.0,40000.0
60.0,36000.0
140.0,170000.0
54.0,35000.0
50.0,34000.0
78.0,41000.0
100.0,50000.0
45.0,31000.0
69.0,60000.0
65.0,50000.0
39.0,32000.0
160.0,196000.0
78.0,115000.0
62.0,52000.0
50.0,37000.0
80.0,57000.0
72.0,42000.0
69.0,39000.0
84.0,50000.0
98.0,85000.0
98.0,52000.0
150.0,125000.0
82.0,40000.0
100.0,85000.0
74.0,53000.0
73.0,66200.0
90.0,95000.0
128.0,85000.0
106.0,68000.0
50.0,42000.0
40.0,31200.0
51.0,24200.0
51.0,25200.0
50.0,40200.0
67.0,34200.0
30.0,21200.0
95.0,47500.0
55.0,37000.0
85.0,82000.0
51.0,34200.0
30.0,21000.0
55.0,33200.0
67.0,33200.0
67.0,33200.0
65.0,35200.0
30.0,20200.0
51.0,25200.0
67.0,34200.0
51.0,25200.0
51.0,26200.0
32.0,22300.0
30.0,20200.0
30.0,21200.0
51.0,24200.0
51.0,24200.0
51.0,24200.0
30.0,20200.0
65.0,34200.0
51.0,2.0
67.0,30200.0
51.0,24200.0
67.0,33200.0
30.0,21200.0
67.0,30200.0
45.0,38000.0
65.0,41999.0
68.0,40000.0
70.0,60000.0
75.0,39000.0
70.0,38000.0
68.0,43000.0
70.0,60000.0
95.0,70000.0
55.0,45999.0
56.0,45000.0
56.0,36500.0
75.0,68000.0
70.0,35500.0
75.0,59000.0
70.0,36000.0
56.0,35000.0
130.0,80000.0
36.0,25000.0
75.0,43000.0
130.0,85000.0
60.0,52000.0
60.0,42000.0
70.0,36000.0
70.0,68000.0
68.0,39999.0
60.0,45000.0
70.0,36000.0
35.0,30000.0
90.0,90000.0
65.0,48000.0
45.0,38000.0
75.0,80000.0
70.0,68000.0
85.0,82000.0
105.0,170000.0
95.0,47500.0
55.0,37000.0
80.0,75000.0
82.0,58000.0
92.0,50000.0
70.0,60000.0
86.0,51600.0
60.0,69000.0
40.0,24000.0
51.0,25200.0
16.0,7300.0
84.0,47000.0
96.0,63000.0
38.0,22700.0
57.0,34500.0
100.0,55000.0
36.0,30000.0
47.0,31500.0
38.0,27500.0
33.0,21800.0
100.0,45500.0
32.0,28500.0
90.0,51000.0
30.0,20200.0
58.0,41000.0
46.0,31500.0
98.0,78000.0
83.83,50000.0
36.0,22300.0
95.0,62000.0
80.0,41000.0
49.0,34000.0
85.0,65000.0
52.0,48000.0
47.0,29000.0
90.0,100000.0
90.0,100000.0
15.0,8500.0
58.0,36000.0
100.26,65000.0
60.0,36000.0
90.0,65000.0
82.0,39000.0
105.0,70000.0
82.0,39000.0
60.0,32000.0
59.0,38000.0
110.0,50000.0
60.0,45000.0
50.0,47000.0
55.0,53000.0
54.0,42000.0
70.0,66000.0
70.0,43000.0
92.0,62000.0
54.0,34000.0
90.0,48500.0
70.0,46000.0
48.0,38000.0
70.0,80000.0
60.0,40000.0
45.0,49000.0
65.0,55000.0
38.0,23000.0
60.0,36000.0
30.0,2400.0
88.0,132000.0
88.0,132000.0
76.0,65000.0
102.0,96500.0
24.0,19000.0
24.0,19000.0
90.0,52000.0
90.0,52000.0
45.0,36000.0
75.0,35997.0
42.0,25500.0
95.0,38500.0
50.0,32000.0
48.0,32000.0
56.0,35000.0
68.0,70000.0
45.0,35500.0
55.0,36000.0
54.0,39000.0
50.0,41000.0
50.0,41500.0
43.0,37000.0
90.0,110000.0
54.0,28000.0
33.0,26500.0
50.0,43000.0
40.0,43000.0
59.0,44000.0
40.0,25000.0
38.0,24500.0
59.0,53000.0
45.0,29500.0
45.0,29500.0
60.0,51000.0
94.0,58000.0
34.0,25000.0
28.0,26500.0
35.0,25500.0
48.0,40000.0
96.25,50000.0
75.0,52000.0
76.54,37000.0
35.0,26000.0
70.0,85000.0
60.0,77000.0
56.0,36000.0
56.0,36000.0
60.0,37500.0
48.0,37000.0
90.0,51000.0
80.0,45500.0
74.0,52000.0
60.0,40000.0
80.0,45000.0
80.0,51000.0
76.0,43000.0
60.0,33000.0
88.0,70000.0
25.0,17000.0
40.0,35000.0
33.0,23500.0
22.0,15500.0
56.0,32000.0
48.0,30500.0
60.43,37000.0
70.0,55000.0
88.0,45000.0
57.74,30000.0
51.0,38000.0
38.0,28000.0
78.0,60000.0
15.0,50000.0
32.0,16000.0
50.0,43500.0
57.0,35000.0
66.16,57000.0
70.0,48000.0
55.0,30000.0
64.0,40000.0
100.0,63000.0
73.0,53000.0
60.0,52000.0
110.0,67000.0
111.0,85000.0
54.0,43000.0
56.0,33500.0
72.0,45000.0
46.0,33500.0
46.0,38000.0
95.0,58000.0
78.0,58000.0
80.0,100000.0
105.0,60000.0
78.0,58000.0
42.0,28500.0
95.0,85000.0
40.0,31500.0
53.35,33000.0
52.0,23000.0
42.16,29000.0
62.0,34900.0
55.0,37000.0
92.0,55000.0
55.0,36500.0
43.0,13000.0
57.0,36000.0
48.0,32500.0
48.0,32500.0
42.0,23000.0
67.0,70000.0
73.0,50000.0
39.0,27000.0
51.0,40500.0
87.0,50000.0
74.0,42000.0
60.0,36500.0
60.0,33000.0
67.0,55000.0
78.0,58000.0
77.98,60000.0
84.0,52000.0
38.0,26500.0
60.0,36200.0
78.0,42000.0
58.3,40000.0
57.0,24000.0
56.0,36000.0
80.0,107000.0
45.0,34999.0
38.0,24500.0
39.0,26000.0
68.0,43000.0
59.0,38000.0
70.0,65000.0
63.0,60000.0
75.0,60000.0
18.0,10500.0
47.0,35000.0
95.0,79000.0
86.0,40000.0
75.0,41500.0
34.0,17700.0
82.0,33000.0
68.0,82000.0
68.0,82000.0
54.0,30554.0
60.0,53000.0
42.0,27000.0
60.0,48000.0
42.0,22000.0
76.5,38000.0
56.0,35000.0
65.0,32000.0
56.0,45000.0
75.0,63000.0
80.0,72000.0
64.0,35000.0
55.0,45000.0
75.0,67000.0
60.0,50000.0
57.0,50000.0
35.0,30000.0
35.0,27000.0
68.0,43500.0
48.0,34500.0
70.0,48000.0
18.0,16000.0
76.0,42000.0
54.0,39000.0
36.64,24000.0
82.57,70000.0
50.0,39500.0
70.0,42000.0
126.0,73000.0
70.0,48500.0
48.0,31500.0
53.0,65000.0
45.0,26000.0
45.0,26000.0
56.89,48000.0
70.0,80000.0
78.0,52000.0
135.0,80000.0
20.0,18500.0
100.0,38000.0
63.0,25000.0
84.0,95000.0
42.0,17500.0
65.0,49000.0
58.0,23000.0
42.16,29000.0
80.0,45000.0
58.0,35000.0
107.0,45000.0
32.0,28000.0
60.0,57000.0
85.0,54000.0
70.0,60000.0
72.0,41000.0
58.0,40000.0
137.0,86000.0
82.0,33000.0
40.52,23000.0
93.0,79000.0
42.0,35000.0
72.86,45000.0
70.0,49800.0
105.0,42000.0
72.0,47000.0
85.0,100000.0
65.0,63999.0
85.0,60000.0
45.0,30000.0
26.0,20000.0
91.0,85000.0
50.0,28000.0
85.0,90000.0
70.0,36500.0
80.0,57000.0
32.0,25000.0
27.5,23000.0
38.0,24500.0
49.0,32000.0
64.0,40000.0
18.0,11000.0
30.0,22914.0
